Mixture,B cells naive,B cells memory,Plasma cells,T cells CD8,T cells CD4 naive,T cells CD4 memory resting,T cells CD4 memory activated,T cells follicular helper,T cells regulatory (Tregs),T cells gamma delta,NK cells resting,NK cells activated,Monocytes,Macrophages M0,Macrophages M1,Macrophages M2,Dendritic cells resting,Dendritic cells activated,Mast cells resting,Mast cells activated,Eosinophils,Neutrophils,P-value,Correlation,RMSE
00493cfb-cfcf-4994-b4f4-3f1ff94e21f8,0.0162682238777096,0,0.0225129515175663,0,0,0.306106850718555,0,0.000903323687897332,0.0380804076682813,0,0.0987233057387245,0,0.0443628275387722,0.082469585234531,0.221348642459334,0,0.0206333008661918,0.0565563947660681,0.0856498793958339,0,0.0044779997034879,0.0019063068270464,0.452,0.0512055258024076,1.1096663857303
01392dce-a8df-4803-aa61-d14956d801a4,0,0,0,0,0,0.20339142841047,0.019316091749858,0,0,0,0.0467655148863968,0,0.0206174257250339,0.436281417636456,0.0546492745660162,0.182850447457864,0,0.00496448552663444,0.0311639140412705,0,0,0,0,0.586557124756958,0.809379070825198
a6095079-12c7-4de0-a779-e1c639db5541,0,0,0,0.023101798272966,0,0.211250128556626,0.0482309977660134,0,0,0,0.0872472924467972,0,0.0649820927125209,0.106918439004196,0.143189294767743,0.082800430493465,0,0.139386074968447,0.0411676360871381,0,0,0.0517258149240882,0.1,0.134535786941041,1.05532141798806
0302ccdb-2853-4679-be48-de365da40545,0.031105977080218,0,0.00792769842424248,0.128852223431955,0,0.0729236099210486,0.0293947402099092,0.0359099700734842,0.0607091784157945,0,0.0616714346380659,0,0.0208460347726208,0.00798620570165594,0.163498264495335,0.308107403320951,0.0383499604378541,0,0.0327172990768651,0,0,0,0.002,0.421248921720196,0.907733885777973
0398eb84-be87-4906-9e22-cb94494b54f6,0,0,0.0100943441377402,0.0408562386249505,0,0.312065090562919,0.0679958201033334,0,0,0,0.113719421898511,0,0.00443999404143805,0.19507592473285,0.14600657516986,0.0669447332644369,0,0,0.0428018574639605,0,0,0,0.014,0.239592857700167,1.00309185925136
03a11c55-c144-4215-a996-391eed03cc80,0,0,0.376970175657159,0,0,0.097181208535694,0,0.0427817085864861,0,0,0,0.0173823411325492,0,0.366256797351049,0,0.0337288625084895,0,0.0307826153465061,0,0.0192759058482659,0.0156403850338009,0,0.178,0.104031632374366,1.06077904404263
0401cfb1-2922-40fb-bb2c-f5c6966dbe49,0.0212002539058607,0,0.0860731319978702,0.0641414496804497,0,0.00330027268052517,0.0854453180055511,0.0528759350096331,0.00482440913088902,0,0.0383927245709198,0.0621409372829569,0.0301074046172469,0.0627039762282293,0.222139425381075,0.203175187480191,0.00488078404586605,0.0170577049663255,0.0415410850164096,0,0,0,0.002,0.448318922503186,0.896071134030914
044de6e3-52f7-493c-b8d2-6aeca52375ea,0.00570845648656173,0,0.00257276422633776,0,0,0.227533915398899,0,0.0218839944543186,0.0571251348961613,0,0.0334055971867824,0.030325182335691,0.0033184565748924,0.38872642757617,0,0.0885402939872466,0,0.0998289034401419,0,0.0380539508213949,0.00297692261540278,0,0.01,0.250564425918701,1.00962342508968
045ffab4-4408-4550-b46c-ba0b237bb00f,0,0,0.0420800544735751,0.0473953093971053,0,0.213402397306113,0.02937583660591,0,0.0087506306966624,0,0.0836543591011902,0.0222635629376757,0.00920848670097676,0.0878520917986328,0.135908031917234,0.129719709221841,0,0.144574200812561,0.0458153290305234,0,0,0,0.004,0.369356760117161,0.93715728211407
8fae59bb-c8bd-4125-8c8e-7908eebb5609,0.00676921134685822,0,0.0693945214971687,0.174424795512392,0,0.117825398173316,0.0421305131670416,0.0696096714824024,0.0127363155589087,0,0.117919619647049,0,0.0150550138786905,0.062007114105463,0.15308306116875,0.0558968766167916,0,0.0590598064350341,0.0440880814101351,0,0,0,0.132,0.122403077413934,1.05976771375578
0508b025-15b5-4012-b1b1-530d329eeec9,0.0116350829463504,0,0,0.0212598247608018,0.0066001486559527,0.262052483648017,0,0,0.12213658315079,0,0,0.0257177682624577,0.0431161875560702,0.0593817099983953,0.0491493111976351,0.153271039211259,0,0.0889677629511655,0.155328342441481,0,0,0.00138375521962472,0.084,0.148101554878427,1.02457074692784
060bb9a8-70e4-48bf-949a-9a4da4fe321f,0.0251073084101584,0,0.153956717761066,0,0,0.230528467412036,0,0.00251150183419454,0,0,0.0791929104467552,0,0.0151568797885726,0.310518947729313,0.000554223149666745,0.105648317093502,0,0.0356817760483691,0,0.0389563533065708,0,0.00218659701979624,0.004,0.333966658421898,0.950408996160312
08c1c957-1ef0-48c2-8131-e1e9f29f9b02,0,0,0.000418693665909406,0.0804935051551879,0,0.174643584913789,0.0279146847192896,0.000709071884022665,0,0,0.0788568209478055,0,0,0.148863461997685,0.095077177317993,0.203479365478752,0,0.172581000575635,0.016962633343931,0,0,0,0.00800000000000001,0.261794581365769,0.995291110899842
09503611-2e57-46e8-912c-0542e50c6ac8,0,0,0.00175085370331082,0,0,0.210381278613147,0,0,0,0,0.11787723717925,0,0.0248916014080862,0.221832136838933,0,0.148593920267999,0,0.0595357299128167,0,0.148325071971194,0.00759106730815803,0.0592211027971046,0.1,0.133335663223331,1.05501007279248
09552102-8f10-4e2a-9710-f1585b6a7efb,0.00850873717027853,0,0.0267559277947932,0.00860532550082624,0,0.162632405351377,0,0,0.0136855717036739,0,0.00912139916853174,0,0.00972957607083957,0.495190158645981,0.0399836959424716,0.19315710788797,0,0.00804854107178792,0.0245815536914688,0,0,0,0.002,0.489958557473105,0.882053137026961
0bce5c44-d739-43d9-bee3-24e8e1a8c064,0.00436501959944934,0,0.0283977722203494,0,0,0.368113145622584,0.011951736095389,0,0,0,0.0968565638862378,0,0.0212089793951637,0.0533058844247843,0.0653522515285198,0.152297799083034,0,0.0596502415341441,0,0.021661524631394,0,0.11683908197895,0.098,0.138817218912542,1.03832036367606
0d99adbf-a53d-4f67-8894-a906faa8cd0c,0,0,0.0934341502086417,0.00154058011880736,0,0.279919652879234,0.00130624124641304,0,0,0,0.0625871848102013,0,0,0.324074474456811,0,0.114582684751842,0.0702395471446894,0.049500257049669,0,0.00281522733369106,0,0,0.14,0.117954778255164,1.05919970732482
107d898c-48d8-4e74-a67f-8b0aaea4fe4a,0.00659946925405546,0,0,0.0643575120389734,0,0.2185423335006,0.0258633758842473,0.0177505769618798,0.0285790696067604,0,0.0742267654282449,0.0408079736117114,0.025289230752259,0.0735198408406435,0.095846249709891,0.111065642877418,0,0.141589422911188,0.0759625366221275,0,0,0,0.00600000000000001,0.282677700959983,0.977445468741082
10b096a4-78d2-4f80-9792-306cf65c54be,0.0509146048907089,0,0.00980670791749286,0.0793818923259953,0,0.195660380207553,0.0748346135599416,0.0276523317606709,0.0458909447648965,0,0.114668679851186,0,0.0269324629353645,0.0489480777198441,0.188429742437812,0.0741290867903988,0.0088073936410645,0.0425414296631348,0.0114016515339366,0,0,0,0.002,0.451594898173179,0.894025515387301
10d2df0b-08ca-4eff-9e42-b23620a214fe,0.0314027829665162,0,0.0525821865238412,0,0,0.242520257606748,0,0,0.00732977723701077,0,0.0509301427080391,0,0,0.512520910262285,0.0145266330528767,0.0632611289855272,0,0.0237168072929835,0,0.00120937336417286,0,0,0,0.64071663906422,0.76913357817853
1217b52f-535e-4a57-a23c-8bc37ac86dbc,0,0,0.000143297246627974,0.00154678497371018,0.0360508717568935,0.152594192440052,0,0,0.013106368241206,0,0.11087548414029,0,0,0.457937153999666,0,0.0129042152495316,0,0.148129244720889,0,0.0667123872311342,0,0,0.00600000000000001,0.279572797318132,1.00762078170645
130c3d03-9b15-4577-bff2-f9e3cf8cda29,0.0037645826598752,0,0.00674874511984386,0.0325032403775818,0.0510516056673998,0.227324012439231,0,0,0,0,0.119856314821122,0,0.0680550788267282,0.0887790855285751,0,0.0167210944742271,0.00274057683411531,0.0590142408712147,0,0.199661313945443,0,0.123780108434643,0.086,0.145790335480584,1.04828393866349
13b83e88-3035-4c10-bc05-a6bdf2f04fd0,0.0054494194241811,0,0.00158044178325815,0.00967545094689095,0,0.37335732178969,0,0,0,0,0.0306579676967806,0.0278900631216055,0.0312971121286491,0.190502429174276,0,0.139538829808546,0,0.126511203401388,0,0.063372111586399,0,0.00016764913833477,0.67,0.0208691699558635,1.09683731665612
14456850-fe81-41f4-bcbb-eff9e48d04d7,0.0229423070095545,0,0.00826079711825802,0.0678437493675942,0,0.234474019768333,0.089732081494748,0,0.0436809864119958,0,0.12908140294441,0,0.00685981250021844,0.139190524423107,0.14184988910509,0.0661231105883657,0,0.0296629050742518,0.0202984141940737,0,0,0,0.002,0.478015524266833,0.87759494435764
151e8d75-31ae-4cf3-ae8b-f5f105e6363a,0.002833899716082,0,0,0.0508255466131587,0,0.242096150971862,0,0.0586740459493997,0.028386430480882,0,0.0452557309714964,0.0446717626275639,0.0232714781067343,0.0613659719366302,0.161711282875959,0.203633116404641,0.0117865271585291,0.061360756914134,0,0,0,0.00412729927292712,0.016,0.233956512855959,1.0098848688671
1529866b-741a-49a1-b6cc-7b24693ad1e6,0,0,0.019950411053284,0.0109658609245252,0,0.107384630714282,0,0.0636351919246645,0.0557311628952099,0,0.0095686477682867,0.031324317014571,0,0.419547420007975,0.00768116184376193,0.155537280081982,2.73078226665944e-05,0.106214570944081,0.00651061184407741,0.00113377627838278,0,0.00478764888225002,0.004,0.336535856374475,0.968730649831706
16115315-72cc-454c-93dd-ec6c6310a8f1,1.91440227795555e-05,0,0.0950911664750992,0.0170230388034357,0,0.365291729540092,0.0464324513995493,0,0.00998723141439577,0,0.1079149260074,0,0.00728938530028266,0.0308621166393045,0.148124660811523,0.0845811884436309,0.000407089571204172,0.0512050590149518,0,0,0,0.035770812556352,0.636,0.0245826862063221,1.09927438441563
1b15bd5b-b25e-45e4-9dc1-c4aed2dac1a5,0,0,0.00635277719200227,0.016746162224957,0,0.359068321221261,0.00777857722980438,0,0,0,0.0534532440120619,0.000721502321378473,0.0116328132182144,0.196041179999702,0.125369321874332,0.10125811768605,0.0377594742678697,0.0666580167538573,0.0171604919985099,0,0,0,0.11,0.131643109085699,1.05454347692791
1d4ba820-5dd1-4e71-8f25-279af45fc003,0.00924257902306072,0,0.00270866239652992,0.0136122260416329,0.06309130375401,0.429769474682505,0,0,0,0,0.0579558956990667,0.0346057366882026,0,0.30422715913401,0.00357951960262979,0.0708087542341226,0,0,0.01039868874423,0,0,0,0.00800000000000001,0.257790610382508,1.00488110802167
489bb150-5eb7-46af-9c6e-9881016b6ba7,0.00929108140828252,0,0.00576723345804234,0.0414109866124819,0.061134508332362,0.442827201945448,0,0,0,0,0,0.0767258505519354,0.0155750641991379,0.236959182325018,0,0,0,0.0935304029848876,0,0.00960667128189598,0.00717181690050833,0,0.00600000000000001,0.288161798730192,0.98617168640601
1e861ec0-54c1-41c0-ab31-990b60316cdb,0,0,0.0383986093016852,0,0,0.342066392558493,0,0,0,0,0.0831283778051464,0,0.07118738798149,0.212472736849784,0.0716520899588835,0.132052467259386,0,0.0259848197753558,0.0230571185097771,0,0,0,0.088,0.144602614859886,1.03627622295035
1ef87789-2fa0-4d28-826c-802358bdf67a,0.0286481303752542,0,0,0.0632706362061232,0,0.0846314448907169,0,0.0673472205080132,0.0377563954504015,0,0.0731096562235841,0.0157678828360848,0,0.259465850560423,0.16717448296773,0.11750291655484,0,0.0158196922859664,0.0695056911408627,0,0,0,0.002,0.491847597283214,0.870143389246781
1f40b3db-3351-4dbc-8560-5c5b6a0e0def,0,0,0.00100128728297522,0,0,0.292330667332053,0.0200785813923857,0,0,0,0.103737014862238,0,0.00343064383987376,0.1294470177855,0.200829906619322,0.0841903497047063,0,0.145982834905488,0.0131688028757005,0.00580289339975676,0,0,0.002,0.380731672774325,0.945353942227815
1f715b37-49a7-4b68-8787-10c28dc71039,0.000979406513171423,0,0.0779819624315341,0.0469852182254431,0,0.383666634210724,0,0,0,0,0.126307383653557,0.00760964600111945,0.0347303762078426,0.19097183071921,0.0797680192766039,0,0,0.037707024315539,0,0.013292498445256,0,0,0.5,0.0451407594539198,1.09010886420591
1f9630f7-cd15-41ae-8030-ed36859710b2,0.0371414965305994,0,0.00161450627944253,0.042594768954315,0,0.297126682624027,0.0263775438678808,0,0,0,0.101113093752097,0,0.0309162488329516,0.0681750380772871,0.204784909805469,0.154165325079487,0.010420184203193,0,0.0255702019932502,0,0,0,0.002,0.429082038877769,0.906831192181295
1feab715-ee67-489f-bf47-af5079f2d875,0.0269968724305325,0,0.158372668754533,0.0852597357350843,0,0.177846995897824,0,0,0.00784421253066628,0,0.0687497506693285,0,0.0325889813166072,0.109563934255354,0,0.0622441307382276,0,0.0518938729700066,0.160299917956773,0.0576945264590791,0,0.00064440028598442,0.928,-0.0239283475939919,1.08061392215386
209f8ebc-42f0-4695-b9f1-d9dc30d0e0b7,0.061699549033958,0,0.0827204913725663,0.0855874109135958,0,0.377801942191412,0,0.0150935262158492,0.0402645035002918,0,0.0463412323365924,0.0186294253593171,0.0347658037359,0.110459176256265,0.0337928347586787,0,0.01217846020565,0.0387752178096588,0,0.0400685477918401,0.00182187851842439,0,0.7,0.015793055582574,1.09148107431676
20dad6c3-80f7-46c9-90a8-313f8eb1b7cb,0.0213823981413249,0,0,0.0560229895686963,0,0.405941788352483,0,0,0,0,0.0536180604449424,0.0283082480954986,0.0264158862654355,0.0879802859695382,0.184938277703298,0.0799888474126344,0.00935272124532953,0.0027005431389237,0.0433499536618955,0,0,0,0.002,0.404035063340018,0.921827515702207
20fccee9-7369-485d-8d0c-4959aec2cba5,0.00359675569401616,0,0,0.00374599260656846,0,0.185469888230306,0.000761392880364682,0,0,0,0.0434077685862443,0,0,0.274261852640873,0.072564111004176,0.220449652408259,0.179268552572338,0,0.0164740333768549,0,0,0,0.02,0.22479345275826,1.01911549720253
23b668a7-cfdd-4785-ba3c-3af60184803c,0.00718908925193914,0,0.00479273808458004,0.167124229263301,0,0.207426578782116,0.00630165837109031,0.0308745786458548,0.0335661954452098,0,0.130268998443479,0,0.0159822387783092,0.108653512617608,0.129121231891012,0.143625361516703,0,0,0.0150735889087976,0,0,0,0.004,0.313839895293162,0.967961107514335
2448d8d4-198b-42b9-a822-f4fb071de2e7,0,0,0.00108712776201967,0,0,0.253579389914232,0.00441162117979668,0,0,0,0.0825922150501393,0,0.00536090461258035,0.334936733589716,0.0546901081604287,0.0714814173643647,0,0.117236477821795,0.0410670292785861,0,0,0.0335569752663418,0.046,0.189265955795063,1.03430539844026
24ae1f53-f311-4e0f-9183-b88137a388a9,0,0,0.0276123035364964,0.0177105913826959,0,0.288278088867682,0.0181547411325545,0.00131348439178451,0,0,0.0767562016606522,0,0.00153716081609032,0.217781353170245,0.119754858465219,0.139341518566914,0,0.0441572790010541,0.046751294620667,0,0,0.000851124387945044,0.00800000000000001,0.2606201806666,0.98899790909204
24bd3bd0-24c5-4db8-9e04-429c3c08015c,0,0,0,0.0101297976672526,0,0.284791617541014,0.0245902286642198,0.00966278327568215,0,0,0.0639830718904178,0,0.00260482698363692,0.136344457001746,0.141390220724334,0.136272013247281,0.059040828034094,0.110541334609005,0.020648820361316,0,0,0,0.048,0.185334885123533,1.03100613933382
24d7be4b-6e28-466b-a6ee-a514b4d680cf,0.0141795998653763,0,0,0.000635689081334703,0,0.0730323458091688,0,0.00282794715739255,0.0187169521997854,0,0.0171020036454951,0,0.0013634723841073,0.728389193924442,0,0.0664427781063968,0,0.0579419877496191,0.0193680300768815,0,0,0,0,0.738243229315348,0.676282536282771
25a938ba-21c3-4053-b5e0-f1bbb2eca3df,0,0,0,0.000379436281214761,0,0.277933857700451,0,0,0,0,0.129585041041572,0,0.0063250905097782,0.424042381414616,0,0,0,0.00843255502199005,0,0.153301638030379,0,0,0.158,0.111776633736638,1.09873076137839
26186ce9-f0d1-44b4-80b5-729dd6bcd23e,0.0026020621326558,0,0.00874190914384015,0,0,0.123119028554837,0,0.0518749229505222,0.0526474634556264,0,0.00875187911769691,0.0267245416440475,0.0100675789481485,0.0231800786233167,0.312814605263359,0.0953866962053863,0.0579548876042649,0.141202874851793,0.0779479970716956,0,0.000264844147354405,0.00671863028545551,0.002,0.426407774904662,0.939847507503045
27794773-b10f-4ef7-9c19-90958bfc3d2d,0.0189179968233416,0,0.0557722363670076,0.0175254333204067,0,0.333753311356058,0.00758044152772044,0.0484893650259887,0.0404698425311271,0,0.0822917578534118,0,0.00476154551116299,0.199131212239973,0,0.0904489144230688,0,0.091320600917061,0,0.00953734210367239,0,0,0.632,0.0260242957985026,1.08710915725476
28049154-f1db-4b0e-9cbc-4bdd5a745d46,0.0166872948596612,0,0,0.0137746931576012,0,0.313295404372752,0.0219673700922338,0,0,0,0.0709421871941663,0,0.0286827608887377,0.0957861881200547,0.147906481330157,0.233675876312839,0.010669673833813,0.0213083818164267,0.0225025699805804,0,0,0.00280111804097712,0.004,0.355404932435417,0.942036843760378
28a3b4b9-ee0e-4554-8c5d-9fe619e81564,0,0,0.000964456672970085,0,0,0.204002218950791,0,0,0,0,0.122756930097817,0,0.0194685876178081,0.307409290564327,0,0.272419719659927,0,0.0326479535056041,0,0.0403308429307554,0,0,0,0.542704841811619,0.839224604563511
2a82e572-e911-4103-b01a-8a5fc8dcc8a6,0.00846941182902583,0,0.00375019232800359,0.0278500292626584,0,0.387607602991026,0,0,0,0,0.0963337608338352,0,0,0.30551172938942,0.0912053907759905,0.0260095317168047,0.0089521836114129,0,0,0.0443101672618225,0,0,0.00600000000000001,0.27587665802288,0.990906740553396
2c2078a4-b77d-4cb7-ab07-bacf57cdec28,0.000553439064953494,0,0.0179413797214463,0.0195259771176685,0,0.404804692455194,0.0439794381425259,0.0144152082867825,0,0,0.118155187099301,0,0,0.133565779862453,0.0997680586816167,0.0821524879149726,0.00185238327279601,0.0509423324906493,0,0.0123436358896411,0,0,0.228,0.0933981031306954,1.07151150664858
2f139a03-2848-4b7e-9c81-34fb5d4bf3bf,0.0126035210009659,0,0,0.0223171170895024,0,0.236131289093713,0.000207974360244822,0,0,0,0.115673678764544,0,0,0.37817935044611,0.0183159758179463,0.142439900663876,0,0.00660969763791722,0,0.0379467799883924,0,0.0295747151367878,0.002,0.408391783446593,0.922696304884402
6ddaa57e-0b22-43e7-9c2b-6212af18b2f5,0.0306946838187921,0,0.0338043919910116,0,0,0.259900477694569,0.0210441954592268,0,0,0,0.0945527225935038,0,0,0.242212173808594,0.129078910913671,0.124867041933525,0,0.0177499640843188,0,0.0274105675528533,0,0.0186848701499343,0.00600000000000001,0.286614352267698,0.978211711617648
2ff763c7-5655-415f-8d88-2700c8be16c5,0.0153640844396242,0,0,0.0371403028132854,0,0.202975287543426,0.0948523548452342,0.0349932015580311,0,0,0.0838970450709237,0,0.00899153253959128,0,0.253020670850384,0.161897492785212,0,0.0624108919770179,0.0444571355772705,0,0,0,0.028,0.206702760265979,1.04526508313257
32d7d3ba-a8b4-413d-9cc7-d907daf8b407,0.00894577949373803,0,0.014522586564774,0.100363661387201,0,0.243619085057436,0.0703104085869287,0.0310909041957488,0.0270475104149398,0,0.0694318180461546,0,0.0148174920659897,0.0445785210744801,0.194903197326309,0.0497989765170609,0.0490855334527375,0.0280189694903586,0.0534655563261424,0,0,0,0.28,0.0813799724252074,1.08428676078488
340f6bf2-e251-4e6e-beb0-0d835e292df4,0.0279576932699483,0,0,0.218551803711879,0,0.113885730151357,0.020078382546051,0.0435560210339681,0.0487057823191916,0,0.0278593558801301,0.0630678453797065,0.0223443044581781,0.0191248035490793,0.196165840133223,0.133248168450375,0.021057425471891,0,0.0443968436450229,0,0,0,0.002,0.422656763074716,0.912815947371659
34b7ac84-d020-4841-98d5-fc86aa7798de,0,0,0,0.0245821635264795,0,0.27981262583991,0.0410617591357835,0.0039839561272269,0,0,0.109060443603906,0,0,0.265389884173468,0.0801560144094052,0.150610410177097,0,0.0337409541493099,0,0.00883757070482061,0,0.00276421815259358,0.09,0.142082278324428,1.05201057248579
35fd23d8-0dba-4a74-8c5a-cbebfc7e460e,0.0821630446850757,0,0.0402819988335261,0.0480930668806164,0,0.245942428301959,0,0,0.0958870850923515,0,0.0440995467019271,0.00116186574522044,0.00537740270051183,0.388721131020661,0.0285184298748542,0.0066149754002944,0,0,0,0.0131390247630026,0,0,0.00600000000000001,0.294383763809847,0.978867288099258
36967820-2fb2-41f5-9fa8-b2021d09e0ad,0,0,0.000424604725429021,0.0469627943012601,0,0.140247577693156,0.0516430507073995,0,0,0,0.0641196990751118,0,0,0.434776960100439,0.18499361774262,0,0,0.0593141639312571,0.0175175317233271,0,0,0,0.004,0.330404175800375,0.986228893337181
3749fb86-5e84-49bd-b473-5ce7e91dea61,0.00128544627541971,0,0,0.0261305857336404,0,0.267883137922152,0.0245209910780079,0.0126591575692585,0.0330623378481863,0,0.0842877014958691,0,0.00539037669826239,0.136888027604062,0.113736026325238,0.179964133547371,0.0444246410854243,0.0253991355026213,0.0400301580565967,0,0,0.00433814325789065,0.00600000000000001,0.269657943451926,0.980322081366079
37c03292-c234-4213-8b85-82dbf675248b,0,0,0.000131627676727819,0,0,0.219703445778398,0,0,0.0330005962309439,0,0.0837037072912267,0.00123808934182038,0,0.30983951650582,0.132480675373629,0.0866799529060538,0,0.110809258312547,0.0224131305828331,0,0,0,0.004,0.333333357295748,0.966022987827522
39e5693d-d4b9-424d-83fa-c8a4bf0a02b4,0.0233552248872412,0,0.00604806810693952,0,0,0.330721220535926,0.0155907266552306,0,0,0,0.0834185824309412,0,0.01141204992352,0.289182661596958,0,0.0290728655015491,0,0.0368139423782393,0,0.0745242606965241,0,0.0998603972869311,0.158,0.111322817843074,1.06587146730757
3a2fdca3-c3b9-4f71-8f9c-f00970d318fd,0,0,0,0,0,0.332174003092007,0,0,0.00143387489123051,0,0.0828045359926338,0.00485651072359136,0.000379425151124396,0.104009660146341,0.182539677356427,0.144561854849961,0.0857287949478987,0.0364824738721771,0.0250291889766086,0,0,0,0.012,0.244194679347287,1.00462027229736
3a7dfe12-5054-4679-a560-6c8bb9230614,0.0202129583398283,0,0.00078207594788877,0.179231064713075,0,0.178481270237067,0.0744882444282411,0,0.041333945278973,0,0.0898323900206017,0,0.0130642802433081,0.0601940210801541,0.106835528339948,0.207793638739164,0.00269053348616218,0.00326549945484642,0.021794549690741,0,0,0,0.004,0.34372608984119,0.946754784325082
3b4422da-eae0-42fa-99fa-de497698e76b,0.000438440881949911,0,0,0.0174502178882822,0,0.301196661740184,0.0415736022988556,0.0239020601838978,0,0,0.102487383424972,0,0.00803825935065574,0.0151196494153305,0.146843766845647,0.165509532494439,0.054904957793757,0.04653593029113,0.0546973459797168,0,0,0.021302191411183,0.028,0.21060098492486,1.01033276249376
3b799ba8-b92c-4569-ae57-08bda7449f25,0.063420666486763,0,0,0.0310004954284359,0,0.229175382105952,0,0.0426127588862222,0.0692789319667669,0,0.0437667829509279,0.00506142547126084,0,0.253655922202582,0.0805695694890274,0.111808863171851,0,0.0214476571830246,0.0299182389034553,0,0,0.0182833057537302,0.002,0.416287260766204,0.909662991572567
3cf8f0d0-caaf-493b-987f-3259db70dadd,0.083614807594119,0,0,0.0671974927521045,0,0.255747171142963,0,0.0042924765018158,0.0685152200168274,0,0.0590737054659445,0,0.0207683889246886,0.11717923072887,0.0841040580361696,0.175584942747959,0,0.0558886123500824,0.00803389373845668,0,0,0,0.004,0.344856326965773,0.943590017388344
3e1c0989-8575-4d69-88b4-623292093043,0.0510982550305687,0.0116155159307691,0,0.00485972347379444,0,0.412910648652013,0.0054583787912571,0.0127375838959278,0.0653418420892978,0,0.0701420277317035,0,0,0.126099398210929,0.159443266942862,0.0795035730725678,0.00078978617830995,0,0,0,0,0,0.002,0.467674561988449,0.884046160001155
3f6cc2ce-245d-4eed-831c-ad4165376e69,0.00662487921443883,0,0,0.0307687511957673,0,0.348438641025887,0,0,0.0382597415072275,0,0.095629510629477,0,0,0.124284732159539,0.0888592349676581,0.0316481215632657,0,0.0306286584495125,0,0.192847699352378,0.0115870107983575,0.000423019136490626,0.5,0.0449535385325728,1.09996724523684
4053afaa-596a-4a22-bf80-d413794d80e1,0.209141902699892,0,0.0530369444709027,0.0495110661574972,0,0.141116427549743,0.0337886430202777,0,0.14757398773201,0,0.0932933891464943,0,0.0503576949496593,0.113194038540891,0.0545214461693798,0.00709197644530008,0.0363760577465645,0,0,0.0109964253713879,0,0,0.012,0.242762885953655,0.985056060006411
41542898-f98a-4e0f-b4cf-e7153a39acb7,0.00409387027611638,0,0,0.0112455426454482,0,0.285528477787959,0,0.0850589873855641,0.0294899006715704,0,0,0.0531437595389116,0.0145702060104316,0.0737096743017213,0.161923883869249,0.157815668138119,0.0344278286947898,0.00524458559440296,0.0837476150857169,0,0,0,0.002,0.412793624564791,0.911901017380562
41ead8d0-85e4-41ff-9e51-8afe1e51ea6b,0.00169284263391847,0,0,0.0742319260830427,0,0.158159283552098,0,0.0421471325231789,0.0208119514518114,0,0.0416276848594158,0.0278017708534677,0.0113314636950664,0.188422115555654,0.155856902221752,0.103558841854238,0.0496709692360256,0.0485919193820933,0.0760951960982362,0,0,0,0.004,0.330698133400293,0.956369194475792
4280c77b-0291-4c1f-aad0-78e3e710ba6b,0,0,0.00925973557786974,0.0630482761903641,0,0.120606599443096,0.0197410100925068,0.0233440128675748,0.0310658426287099,0,0.115421084694322,0,0.0197077927326778,0.00260585170885518,0.208994285362986,0.173585456095213,0.0369178609473265,0.12210783393402,0.0521269535608001,0,0,0.00146740416367776,0.002,0.497690662278362,0.869124162289742
44d502d5-9e0b-4548-8ac3-e4a46b4bbb3f,0.00310517945366927,0,0.00779172811167707,0,0,0.261783948754242,0,0,0.0201230481982321,0,0.0566785056168969,0.0173171981309685,0,0.395967138722776,0.136481178280023,0.100752074731515,0,0,0,0,0,0,0.022,0.220092524222227,1.03570228694311
44fafd9e-b603-48f0-86ec-2022601f139f,0,0,0.0159312465432941,0,0,0.31650736426351,0,0,0,0,0.0194258875115175,0.0433856626386873,0.0144542302537408,0,0.0105898211564568,0.0921831263443338,0,0.411852636426594,0.0756700248618655,0,0,0,0.00600000000000001,0.287223394679614,0.99710557205076
459912ae-ae3b-4066-8e8a-ca2842e82f41,0,0,0.164206414813859,0.0247166481485206,0,0.336386553829374,0,0.00662319210501082,0,0,0.0852542831455885,0,0.023478139675689,0.03840962799735,0.0228163212163634,0.147676604232739,0.00775106759406093,0.0742328057500611,0,0.0574295854438197,0,0.0110187560475635,0.6,0.0299195170857216,1.06400036540431
465b74a3-2a01-425e-8c1f-45c8ee19f51c,0.0500409582729385,0,0.0549413343723429,0.0768435379992746,0,0,0.151887874038294,0.0356246959372232,0,0,0.0567032156593692,0,0,0.247817118017301,0.0480668247503294,0.20852605925535,0,0.0382861877719807,0.0303979863426354,0,0,0.000864207582961822,0.004,0.329011456931836,0.950904409339649
46c49b3e-0cf1-4c97-b6aa-205043d0d34b,0.000145822087645452,0,0.0202859927009624,0,0,0.354358814382062,0.0751113119362104,0,0,0,0.113701567267962,0,0.0563991299795024,0.0959963718651216,0.109861818007623,0.0905644953211005,0,0.0341266278916161,0,0.00600314453731022,0,0.0434449040228842,0.004,0.312075509948163,0.960988096842324
46ebf756-539b-41e4-9636-e8a7ba8d9bb8,0.00917508890021083,0,0.0485659760733395,0.0102633094116807,0,0.378380518818244,0.0112018997261712,0.015450152050372,0,0,0.0708153845148451,0.00397356093834119,0.00940410295306588,0.12249514908114,0.174985527235897,0.0390091307855721,0.00216605852402907,0.0441679934207525,0,0.0599461475663393,0,0,0.0620000000000001,0.17227083919542,1.04107092255506
47b9ed0d-d680-458b-8541-a4852262e484,0.00855025055554963,0,0,0.0104784865519328,0,0.331315364159725,0.00408178453912699,0,0.0109107977069548,0,0.0724869301518082,0,0.0105204006263581,0.275126678415263,0.0935534325178783,0.0900028570077059,0,0.0262957207462825,0.0666772970214151,0,0,0,0.002,0.411489604326929,0.913547695089878
495475bb-30cc-40bd-8640-cc35ab2a240a,0.0100044780256096,0,0.0060681299960148,0.0741846585886654,0,0.16891572429327,0,0.0330939725947089,0.040172789882004,0,0.00165812962070147,0.0407755837332536,0.0258062723440501,0.20817939976832,0.0838232491603092,0.0496850165988582,0.00435979611005136,0,0.224235411327073,0,0.0123982308142182,0.0166391571428927,0.908,-0.0189572971558247,1.10112571411607
4b2bbd5e-3d02-445e-904f-6d69d43816af,0,0,6.70652723338579e-05,0.0333778503333082,0,0.261764907955884,0.0441049869648055,0,0,0,0.107790633964255,0,0.00214489176405493,0.222889869074252,0.154714132754374,0.140828993280652,0,0,0.0323166686360799,0,0,0,0.002,0.401325687704474,0.921291869560801
4b33a2f5-280a-40d1-be86-4075ac09aaf8,0.0337234607187169,0,0,0.011246604547814,0,0.0942994567350468,0,0.0244032960558281,0.0267052217811724,0,0.013561372660114,0.00547218831021948,0,0.578896732734045,0.00244541282510675,0.166159336306642,0,0.0118991786873047,0.0311877386379891,0,0,0,0,0.738474942693714,0.676919147777207
4bd409db-831d-4892-aa7f-e5e5bbd5bfae,0.00719535433560985,0,0.0329348238532356,0.0629073241938752,0,0.218144124525892,0.0195823412084307,0.0790192880904505,0,0,0.0824051072207661,0.018743223572007,0.0263968447189917,0.0724819600275216,0.0984787115286977,0.114319971655137,0,0.052132113401825,0.110080925658797,0,0,0.00517788600876375,0.324,0.0693011692088686,1.06054712610367
4c1a19bb-cfee-4556-9445-adfccd73c738,0.000220893120441282,0,0.0724200265858133,0.0121407458060257,0,0.255419895385271,0,0.0223646902263322,0.0312684166657017,0,0.00738219410161631,0.0816532759397615,0.00691212074331846,0.254543148648056,0,0.181341194557998,0,0.0582333360306332,0.0161000621890315,0,0,0,0.00600000000000001,0.297956680891405,0.96968805819512
4d2c5caa-ba0e-49ed-8c9f-2df4c857f4dc,0,0,0.00415734881844769,0.0117374133322696,0,0.196299679088311,0.00956064000710238,0,0.0146600146931589,0,0.0355640315538212,0,0.00300029334404425,0.41735300511538,0,0.101474386228721,0,0.170025003476626,0.0361681843421171,0,0,0,0.002,0.497163604047382,0.869918357086806
4dc4c39e-b7aa-4575-90b7-e82d0d722761,0.0152222998690701,0,0,0.0299882394732699,0,0.328989764632823,0,0.0390587105246102,0.0472527145127638,0,0.0487271906633285,0.0305322679063453,0.0188915366283245,0.0418381491367444,0.174627344279357,0.164511096730277,0.0221940043589166,0.00870113546328533,0.023179295290603,0,0,0.00628625053028117,0.004,0.340038522066192,0.953487159709371
4e2e0508-1085-4ec8-9c56-c29127d0a3a2,0.066599593959827,0,0.0460737037129325,0.0903812387432261,0,0.283645597338038,0.0930471007051812,0.00472035223199016,0.083120297418691,0,0.0904193882262609,0,0.0339526514288383,0.10426592838851,0.0698261345186074,0.0186043725272975,0.00413536475158385,0.011208276049015,0,0,0,0,0.046,0.189097393609468,1.01766375982935
4eda7674-c779-437a-9a7d-63952954d0ac,0.00696765794521707,0,0,0,0,0.27876011824199,0,0,0.022346976752524,0,0.0782096964723783,0.0202632109766381,0,0.2594091641184,0.126988861515293,0.138231462612929,0.032717566567114,0,0.0361052847975167,0,0,0,0.00600000000000001,0.269659509643766,0.989462814497461
4f0f7051-4e3d-4749-b50a-c85f7dabe7c0,0.00106984036369584,0,0,0.00415466416902087,0,0.199439708955429,0,0,0,0,0.0790456283888321,0,0.020289451790169,0.505509330475585,0.0337602571246745,0,0,0.0473955965132919,0,0.0894873990623862,0.0198481231569156,0,0.00600000000000001,0.272547275975545,1.01744710441485
4f74695e-ef5a-49c1-a813-6d65f223d7e5,0.00236843323981002,0,0.00119740987265215,0,0,0.355581720006656,0,0,0,0,0.0845397046070774,0.00698973575991491,0.0202863045977157,0.391531926809467,0.0577300215214758,0.0516051181211248,0,0.0211533898117273,0,0.00701623565237887,0,0,0.084,0.150228830472094,1.06349617029388
50e29729-0b0b-44e3-ae95-4de7372c087c,0.0218157154587654,0,0,0.0376851275899205,0,0.230668337098733,0.00332875263446866,0.00235461442604974,0.0543747923584394,0,0.0590537032565454,0.00718807015554823,0.0064198129872496,0.138788523728959,0.249856793270025,0.0465540444446611,0.0369092850485933,0.0302329625463231,0.0747694649957188,0,0,0,0.002,0.499136237022327,0.868367509570321
51d2bbc3-8240-458b-9feb-0d9808fa1646,0,0,0.016605977429514,0,0.015519784648047,0.166303768879034,0,0,0,0,0.0532787515800588,0,0,0.637537205223162,0.00160978894243068,0.0541798890360162,0,0.00282866806432898,0,0.0427079005025745,0,0.00942826569483464,0,0.568255799203603,0.833740738081844
51d9078e-4e0f-4f3e-979a-4f08695757b4,0.00605705097693933,0,0.00036220778255533,0.376163696464917,0,0,0.102626303761616,0.0215512059991644,0.0122024335860236,0,0.0647166016668877,0.0157022412299715,0.0157460274052878,0.000815712976087946,0.177159464595502,0.152072713319475,0.00676338973948607,0,0.0480609504960876,0,0,0,0.004,0.343442552728906,0.960149893362695
524b91bd-e61c-475a-9217-3ccd76688a0d,0,0,0.0129183868417153,0.00614194023849333,0,0.350945951409848,0.000873278450326425,0,0,0,0.0786520584437526,0,0.00411275820471214,0.189228894434557,0.0389152332133184,0.0343144725945568,0.00542308513940895,0.170757466469951,0,0.0866452484691121,0.00788891282518749,0.0131823132650603,0.00600000000000001,0.271492987393219,0.985286923078241
524edfcc-daef-49b0-88a7-28832e4adf10,0.0191386276128027,0,0,0.0102514810803203,0,0.335560135044191,0,0.0228319032947809,0,0,0.0688579645973247,0.0240780550750111,0.00506499694136856,0.107994216510172,0.229216425682413,0.154674441043854,0.0075823291221531,0,0.0128192331309982,0.00193019086461048,0,0,0.054,0.182219538607098,1.05024809360958
530aeb2b-2b87-4894-9853-8120649ccbf8,0.0370826422537379,0,0,0.0659585503133721,0,0.30892985440723,0.0203366444452435,0,0.023519563869453,0,0.102282468074189,0,0.0291362227862968,0.147325861416181,0.0476081637766559,0.120853642113776,0,0.040555140687179,0,0.0113995044827215,0,0.045011741373965,0.004,0.360262700735342,0.937120208164537
5312ceac-498e-497a-8000-6083e2214917,0.0379731004652797,0,0.335395212761571,0.03534839301481,0,0.101197603205124,0.0160389728348006,0.0368312008204763,0.0953442023861891,0,0.041820340706967,0,0.0482819549336558,0.110867229797715,0.0199989335889374,0.0673828809979332,0.00563783192042486,0,0,0.0458601081442139,0.000792984446842999,0.00122904997505881,0.238,0.0910825790957948,1.03009452268402
55ffd417-0e61-4fe5-9ba4-54ae15c8330a,0.0242820166869815,0,0.0169550822508325,0.0883292673938722,0,0.18077810626289,0.0302871967273082,0.0387748751419829,0,0,0.128124060312782,0,0.0179788518754282,0.0639932869470706,0.286575387950626,0.0682274605555588,0.000213613436291586,0.0228255288906335,0.0326552655677419,0,0,0,0.002,0.463859517740124,0.89910579223615
59531f37-b664-4e6a-982f-48a5ee901a41,0,0,0.000357269362257413,0.00241441955578023,0,0.287774315363232,0,0,0,0,0.0735027502236612,0,0,0.383699405031095,0.0371135698723747,0.0673123212597494,0,0.106677226691299,0,0.0411487226405515,0,0,0.002,0.419358643338294,0.91579623023244
5d866859-e5b6-455c-b907-d24df2d2b387,0.0290685268870923,0,0.00766148703623445,0.0145160425949174,0,0.121228968489334,0,0,0.083475808150897,0,0.0440813038942571,0,0,0.508099476092069,0.00954082751319985,0.125791096022335,0,0,0,0.0560377002221113,0,0.000498763097552187,0.028,0.21082632562886,1.05788012485618
70da7725-200d-4d95-b0f2-f774c5e24673,0.0031823697173845,0,0.0018657072051817,0,0.0547259386732641,0.169033688599514,0,0,0.0797211443831293,0,0.0403575851695243,0,0,0.500842474279526,0,0.0617105615991437,0,0,0.0620582401610401,0,0.0265022902122922,0,0.576,0.0341721863880024,1.14182955861896
5e362910-3262-4ec6-a00b-27b9b2e4f4b9,0,0,0.0171935411561882,0,0,0.371437111068766,0,0,0.0144801684802275,0,0.0697285811186253,0,0.0118478746970095,0.239597560303092,0,0,0.00497025493232066,0.215098204879318,0,0.0556467033644527,0,0,0.054,0.182534443574449,1.03346927565296
5fb5f7ac-6241-4c3d-8350-b18f28c317c5,0.0591233609078174,0,0.0548355976462282,0.128564807890287,0,0.306317758432926,0,0,0.022429425653455,0,0.111836563228466,0,0.0352432371215298,0.0416445622278247,0.155498754438406,0.0256185377919565,0.0244839561926458,0.0302234932328527,0.000729443063609349,0.00345050217199627,0,0,0.002,0.412522441360123,0.915729184245794
61ecc8c9-7809-49aa-9c7a-30b269e71c22,0,0,0.0578718204729149,0,0,0.230871446061911,0,0,0.036440700884527,0,0.0554279091036101,0,0,0.40119395612951,0.169495526951601,0.0228456563626981,0,0.0258529840332277,0,0,0,0,0.004,0.356611597862003,0.958331735162808
622b94ac-8bef-4606-8dcb-5ec6eeba3dfe,0.00270633609562414,0,0.00628664310111072,0,0,0.326526759086207,0,0.0632340766955301,0.0507864691108164,0,0.013211980505985,0.00781408036329935,0.0162919424864474,0.277180846471287,0.0226441616415731,0,0,0.0915729960707057,0,0.120510899501548,0.00123280886986622,0,0.244,0.0900575617870973,1.07434126515632
6911eac4-95c9-46c4-ad67-59c29bd85aa0,0.0667305598507935,0,0.00425082155789622,0.012632077647319,0,0.371241875103774,0.0339220709578613,0,0,0,0.0490175982253626,0,0.0270757074597559,0.0813139164259124,0.0707244665160078,0.150014386904707,0.00266208247149003,0.116222768657939,0,0.0141916682211818,0,0,0.442,0.0521910362435928,1.07462140952727
6931c961-ab7c-49a7-ba4f-d1a91de1d106,0.0770450950011717,0.021226981109576,0,0.0257055884399916,0,0.196294657705356,0.077584296381124,0.15348298700289,0.0571748406159717,0,0.125282586248231,0,0.0355983444317594,0.000226022237662778,0.149516096229145,0,0.0200823366269673,0.0557613720552405,0,0,0.00501879591491321,0,0.004,0.309566448507006,0.971470527077654
6963bebd-6efa-457d-b2b1-949576cb32e4,0.0174477577261426,0,0.00956685467222281,0.0210845481487191,0,0.160802916085246,0.074439232695283,0.0108194874032381,0.0321673108022047,0,0.0741711657620186,0,0.0205367378927419,0.191683344535511,0.229599316566401,0.117241511298974,0.0258439212802756,0.0145958951310216,0,0,0,0,0,0.584158355944691,0.811759118728974
6a299d04-3ed3-432e-b6e5-4e4f4d3dfb6d,0,0,0,0.0730750283114234,0,0.247973328507607,0,0.0458742062380207,0.0809482119310426,0,0.0934284460577389,0,0.0226558430042733,0.158078449233552,0.176465904906191,0.0312848349418092,0.0106511285178681,0.058768633910905,0,0.000795984439569135,0,0,0.004,0.353962977048386,0.952252836427048
6a8370d5-8873-4f35-b6b5-31869f58a736,0.0251886544952018,0,0.00900505234483593,0,0,0.373875038212306,0,0.0547825024165503,0.0639541656276518,0,0.0716059267154786,0,0.0390547850829008,0.142400467155232,0.13882630879537,0,0,0.0175138205665708,0,0.0567126044011982,0.0070806741867046,0,0.1,0.135903512832011,1.05219584631794
6aec3b4a-e423-4fba-9286-e639d252415b,0.0130223183472873,0,0.0268271415385253,0.0389993431225576,0,0.25613436467554,0.0358746885526298,0.00211802737117404,0,0,0.0726527744540482,0.00210793870810137,0.0172501517997359,0.0665924021291841,0.14663026486444,0.155994775480403,0,0.0255657270091326,0.100918921582628,0,0,0.0393111603646119,0.048,0.185865184099052,1.0161065073085
6bbf7ecc-6210-4173-956a-aa241cbbff2c,0.0577704236939537,0,0.00153142677088373,0,0,0.329517764157071,0,0.0268898209519843,0.067789714940533,0,0.0131796093846358,0,0,0.206583736077846,0,0.0707447605691392,0,0.0339448277822816,0,0.192047915671671,0,0,0.57,0.0347989715908223,1.09646122014989
6c1d8dd9-cc41-49d3-b25c-7c49ea9deac8,0.0146956640485964,0,0.0153456496399981,0.0506255663061207,0,0.394831040133157,0.0363138332258373,0.01804746335509,0,0,0.157325055637795,0,0.0252754606179421,0.0715967299376109,0.0736606743622255,0.0223798395067974,0,0.0674914830414825,0.0424805452167653,0,0,0.00993099497058154,0.07,0.164854154991752,1.04012266782429
6d07e0d3-5fcb-42a2-867f-34e6d59a1892,0.0307230273371023,0,0.00303814944055987,0.020251052858702,0,0.0953386662460441,0,0.02901573196932,0.111973651148422,0,0.0774465451285007,0.00438865734345086,0.0348055196151537,0.0593319095729334,0.0189321388472181,0.350402992520937,0,0.160644103101342,0.00370785487031448,0,0,0,0.148,0.113366860572888,1.05145542212617
6d426248-0d0c-4a60-9f9d-ea8b77d9d8bb,0.015417022065251,0,0,0.046201238694006,0,0.315017898537664,0.00825919932246851,0,0.0531001636135198,0,0,0.0377577698406053,0.0298743241860426,0.0177138783881418,0.304047037921993,0.0754762673131653,0.020888139510635,0,0.0762470606065071,0,0,0,0.002,0.392693460139182,0.947023757368367
6f2c8788-2e21-4dc9-b969-eb71027dff62,0,0,0,0,0,0.210500685493395,0,0,0,0,0.0398546572532399,0.00690118458665102,0,0.419868208999955,0.0446743642816619,0.116398499597962,0,0.0575326307626043,0.104269769024531,0,0,0,0.244,0.0894495839045305,1.09750039783193
6f76f81d-dd73-46d2-9fa0-3dc21b753b28,0,0,0,0,0,0.196067037380893,0,0.00342064834029789,0.0552296226965953,0,0.0350606458096831,0.025457800646882,0,0.291937882840092,0.039920699678846,0.227259978786725,0.0464924864746692,0.0162740939295857,0.0628791034157308,0,0,0,0.004,0.344211983472488,0.951264885763351
6ffe0480-a95b-433c-b7fa-a760360f7ae4,0.00399391169444937,0,0.0044589563369952,0.0787475167971031,0,0.261630316694905,0.0455478206200981,0,0.126101270360584,0,0.046236773429204,0,0,0.345306765143043,0.0486023886021985,0,0,0.0208470712457848,0,0,0.0185272090756348,0,0.282,0.0796750793605044,1.08697801001471
704b983d-0e29-4b10-b00a-f0c2c87212a8,0.0308399297437646,0,0.0702246485098729,0,0,0.379622207577942,0.0030132422981775,0,0,0,0.0446198122808708,0.0193860628188264,0.0161722350544606,0.0813402203541922,0.175329013433931,0,0.164319513939751,0,0.0151331139882117,0,0,0,0.366,0.0626846753439115,1.07849386334755
71ebdd7f-ea9a-4b10-82ca-b0d2f6c0c7cb,0.0063189126150745,0,0.167971207853042,0,0,0.356469883958457,0.032995067626159,0,0,0,0.0751562095865082,0,0.0145545381857055,0.062675710302798,0,0,0,0.0704402097025675,0.165345214936988,0.0480730452327014,0,0,0.908,-0.0189884886428791,1.08632123153466
723ac041-cbef-41d9-804d-e70c007086ab,0.0144431228808795,0,0.00624260855407219,0.0410886067849716,0.00648125554488101,0.443960952498421,0,0,0,0,0.0420277658930578,0,0.0457022860315849,0.157510094047854,0.0596357193712778,0.0118100900881678,0.00633466029246015,0.018683156363017,0,0.146079681649356,0,0,0.32,0.0709563433651278,1.08013975836089
727176ff-b360-45b6-9f18-cc18cace6961,0.0197031665253247,0,0.0645825861206882,0,0,0.093934107272326,0,0.0477260056720171,0,0,0.0188155219003852,0.0166969750992869,0.150077517415684,0.272240247727924,0,0.129638406059519,0,0.129442224064828,0.0356486473742686,0.0214945947677483,0,0,0,0.572405941677891,0.825973569521176
73ba4949-9057-498b-80b5-8b6f70841a8e,0.01484047184721,0,0.0403671690786322,0.0500661243022512,0,0.291020632058225,0.0661448714391257,0,0,0,0.0656134960187175,0,0.0166064026139071,0.355785548242473,0,0.013517400083135,0.00199620320085475,0.0823888737769668,0,0,0.00165280733850113,0,0.912,-0.0200818489282654,1.12691318849376
73c3420a-f453-47f7-9d80-ad0ddc8e4000,0.0236969326074432,0,0.0493684658532423,0.014481815004569,0,0.263263952431437,0,0,0.00465416461487053,0,0.0896262550012505,0,0,0.233521000113531,0.0605496873571727,0.0751887131698722,0,0.0474582487954629,0,0.0677162167018729,0,0.0704745483492753,0.312,0.0735667850232818,1.06947373565341
745aa662-a927-4863-80d2-7b9f222d708d,0,0,0.13434141789975,0.118195694756168,0,0.172151763216996,0.0378440442253421,0.0103650666120086,0.0430421755296628,0,0.00991966352726522,0.0413211389135157,0.0161460821338087,0.0655845003631266,0.0509902527577465,0.0616061651739757,0.147620119991801,0.0497660051167413,0.0411059097820919,0,0,0,0.614,0.027854073793252,1.06116579730183
749e19d2-4962-4546-b236-5232fee78446,0.0860029678445544,0,0.0826463777933353,0.0612492454405284,0,0.330815023942393,0.0295395336398485,0,0.0304730214025618,0,0.0824479434630008,0,0.038390232100025,0.0396520993087017,0.0614922772048004,0.0746592817575478,0.02589180563753,0.0415422079005715,0.0151979825646013,0,0,0,0.00600000000000001,0.304824985508834,0.958901063894889
7579dcb1-50fe-4ea5-b943-db0fb9f02afc,0.0483976444031592,0,0.0337132004242914,0.0313836889093848,0,0.316345380659621,0.0178416734986391,0,0.00196886460960122,0,0.079387735150227,0,0.0167861599286674,0.21149306306662,0.0307577348208574,0.142514381989331,0,0.0438839510297404,0.00199658655105402,0.0161578355610133,0,0.00737209939779353,0.002,0.432512212069969,0.901031883894631
75a491de-b673-4731-bea1-149a74ec8c87,0.00247322833097573,0,0.012759589878109,0,0,0.446063635484432,0,0,0,0,0.0905597535852184,0,0,0.245097262987876,0.0709890419784356,0.0489266339525201,0,0.0567390379609347,0.00103139693570649,0.0253604189057911,0,0,0.07,0.163507546388877,1.04233183789201
78a776c3-2c61-4162-a19f-15af1100a18a,0.00751287641406031,0,0.0143927805295993,0.0132236896589286,0.152817732061291,0.261469774991772,0,0,0,0,0,0.0271723718695335,0.0189908590360916,0.315490810181223,0,0.00864554703630749,0,0.0929018001581046,0,0.0873817580630882,0,0,0.002,0.398757583423659,0.923686350555804
7a135d57-ce55-46bc-99d3-d7acf7c2751a,0,0,0,0.079014845766301,0,0.271326320059938,0.0496638474912136,0.0139458908820816,0.0138571296468935,0,0.118346827856438,0,0.00262332193337754,0.0872453920560534,0.14215868270101,0.149084398754085,0,0.0293649861393711,0.035250406759262,0,0,0.00811794995397581,0.004,0.343972636687857,0.949764931916601
7a8db4d9-ddee-4f17-bf71-d33e43afaeab,0.0304073430343936,0,0.0189139205836871,0.223038846929098,0,0.13736980534189,0,0.0864636718909024,0.0265101581217503,0,0.0703594919120871,0.0166170333979242,0.0343356988325307,0,0.110088082745706,0.213138008699843,0.0102603012219054,0,0.0191335206111517,0.00336411667713102,0,0,0.818,-0.00214325132078674,1.1085186004129
7c415019-de42-47b3-b2d9-31190418e857,0.0045415662710735,0,0,0.189872756247379,0,0.117800845294583,0.0462810191529762,0.0305062231756616,0.0544565125635755,0,0.118642463091916,0.0351660478072547,0.0159918105268642,0.0324316796408952,0.146537420845688,0.120712980970253,0.0332342231278155,0.0181725714748839,0.0356518798091814,0,0,0,0.004,0.342115429605916,0.955396658896721
7cb360b5-2a40-406b-a991-8f8a5a4e22bd,0.003351236713,0,0.00054739560237287,0,0,0.258558059034534,0.0126171381910133,0,0,0,0.0700229871282758,0.0211375820467087,0.0070971271590672,0.179119851703546,0.297173073909771,0.0207016039326934,0,0.110478134625249,0,0.0191958099537685,0,0,0.002,0.394924992856432,0.962530306931947
7ccb0411-d6a2-434e-847e-b4d65f2b1142,0,0,0.0644053344054288,0,0,0.252104515251401,0,0,0,0,0.101446814212154,0,0,0.340548361203047,0.0102081119917006,0.0592713800768427,0,0.0134258132381235,0,0.15690141291729,0.00168825670401285,0,0.202,0.098037078496438,1.08111675292498
7cf94274-b64d-4b56-8cd6-19029fe52031,0,0,0.00801103092947823,0.0199608774781466,0,0.256955524099264,0.0400250973343805,0.00541267360633022,0,0,0.0819748371416593,0,0.00365472285605843,0.0854103347404669,0.155885317950502,0.169119389048751,0.0381601756173844,0.0909848929615554,0.0444451262360228,0,0,0,0.01,0.253933492905896,0.995028456527812
7eb3d86e-0bd6-4f3d-b4fe-c4702b46ac5e,0.00918879624484875,0,0.285576525136357,0.00493830959690888,0.00617082490871112,0.135047685520783,0,0,0,0,0.0306711807310582,0.000128007521611063,0.00163763297949786,0.223499496438182,0.148822377251438,0.0514641585694662,0.0526428128507923,0.0278715045841775,0.0223406876661688,0,0,0,0.776,0.00327286224301468,1.09477409907638
80757185-4699-4dc0-a39d-5da6b97005f7,0.0365003644133411,0,0,0,0,0.118669843882971,0,0.0114661104812125,0.116135880394374,0,0.093784891452188,0,0,0.420337329083854,0.0728154580570124,0.0662950977269861,0,0.00791837898521076,0.0560766455228505,0,0,0,0.004,0.355131472428415,0.950917734064467
810270f3-3560-4386-a7b9-bf10fa9fc0d4,0.00960346574121796,0,0.0518688654993344,0.136782542966564,0,0.224116750754282,0.0513763638536971,0,0.00668653101916305,0,0.147068995912487,0,0.0440476983893231,0.0310062234239835,0.0881549154373386,0.130060696946073,0,0.0342444783829431,0.0449824716735941,0,0,0,0.00800000000000001,0.264031941700899,0.983552846485193
832a6186-382d-497b-9ea2-5bf51590c886,0.0131220494986879,0,0,0.0787319694238775,0.0116221645664406,0.271458410513498,0.0306849056913097,0,0,0,0.0783339548015269,0,0,0.137706248189379,0.223532208846036,0,0,0.0449388293910018,0,0.0960600071058471,0.0138092519723951,0,0.028,0.207256350122612,1.04508733770181
83472b2d-14e1-4c12-b526-26e4882b6812,0.00727440261670714,0,0.0226139785576327,0,0,0.382297495346026,0,0,0,0,0.0970645376090547,0,0.00143861323269297,0.269717356729095,0.0161275855329436,0.116085222729739,0.0390847810608888,0.0391430791593686,0.00915294742585188,0,0,0,0.244,0.0901574002550032,1.07165626367416
84b980fe-ea6d-4834-be53-86a5ef747ffa,0.00358579922105607,0,0.00690777290950953,0.0237548037520919,0.0139355249947801,0.189628727348733,0.0603030062701855,0,0,0,0.04939947695283,0.0438686242204374,0,0.318996500588378,0.0118393022607169,0.226021226693237,0,0.0200898938257689,0.0291011449513863,0,0,0.00256819601088929,0.016,0.233216532838342,1.01264139031746
8549e24f-b9d7-4203-97ef-15aeb7a7fde6,0.0360220178768052,0,0.0782451110357433,0.260205293188973,0,0,0.00406980244462021,0.0744590988171295,0.0346289757201504,0,0.104556111558095,0.0477146882861303,0.0163788104441122,0.0754288862674969,0.0914475228542012,0.094072785045978,0,0,0.082770896460565,0,0,0,0.11,0.13099272900669,1.04694684273145
86eb64f4-027e-4ac7-8d7c-55e8aadb1014,0.00566061465934609,0,0.0774594421854293,0.0247533882822087,0,0.318695536879227,0,0.00720111068167678,0.0410720140640774,0,0.0716671762747008,0.0110925011961315,0,0.2436384127774,0.0202054914006589,0.0891139442560085,0,0.0340356730251553,0,0.05540469431798,0,0,0.022,0.218418061745361,1.00466701540239
86eb7606-22d5-45e7-a46c-014160f1f136,0.0227418932955796,0,0.033759273499651,0.0690536370689166,0,0.245811464110742,0.0266638557156297,0.0277968994056478,0.00602846794872656,0,0.102715783730702,0,0.0182210940647581,0.112054148879567,0.171286649475322,0.110547189822547,0,0.0364591213975739,0.0168605215846362,0,0,0,0.002,0.374663755993702,0.934495177882029
88983362-a45a-4eb1-bdd2-e7b2705d9c88,0.00572017105758145,0,0,0.0717969771703669,0,0.299139960932259,0,0.0417668276189922,0.0147738243754771,0,0.0571205564901624,0.00149411487022242,0.012039245969667,0.0696319955144131,0.083575149057258,0.20769215241535,0.0488961322746098,0.0609888387839329,0.0253640534697079,0,0,0,0.0679999999999999,0.169596102574079,1.02493679363551
88d9d603-1444-4774-addd-71412a3805bf,0.022988259358136,0,0.00331309802505492,0,0,0.211994730497155,0,0.0608621096708127,0.0847113305965854,0,0.085502698465123,0.0017078469474202,0.0578445840781263,0.446476810712751,0.00154484440632356,0.0093021583803971,0.00394046035759699,0,0.00981106850451833,0,0,0,0.146,0.115109004460153,1.08273897447798
892eed19-fe56-4ae7-8785-894ae16026ea,0.0472961046742725,0,0,0.0366524494382866,0,0.182714748608883,0,0.00895682193432565,0.0941474300078033,0,0,0.0349664181257088,0.0141802705543941,0.217070437462336,0.13438779885032,0.126111254046761,0.0402505329176091,0.00093636840040454,0.062329364978895,0,0,0,0.282,0.0798764698453418,1.06883101326407
89472f4a-ab97-477f-8da5-92bb6b153426,0.0141159631759755,0,0.000574070426036508,0,0,0.222539814113502,0.0505234987830524,0,0,0,0.112418709112294,0,0.030355747132452,0.139577293546829,0.197434424233962,0.152126991914093,0,0.0388762126132478,0.0185378786562875,0,0.00333208621702041,0.0195873100752476,0.002,0.416124545038292,0.915094418128627
897b51e4-4451-4912-afc3-4866a618573d,0,0,0.0169960639511438,0,0,0.232276201320732,0,0,0,0,0.122642184246801,0,0,0.407113897539125,0.0455692756853722,0,0,0,0,0.175402377256826,0,0,0.014,0.241241342348065,1.02543457571909
8a0f7072-476a-41b3-aaf9-8c053cbefdae,0,0,0,0.0119110856202853,0,0.313778589083282,0,0,0,0,0.0698752687672073,0.028117959634078,0.0152195719508471,0.00364281193937772,0.0714092087158621,0.221229176429052,0.0760249677969016,0.142908550218323,0.0458828098447846,0,0,0,0.098,0.137583343996375,1.04070333198192
8b710010-8a49-469f-9b0f-58c79916ae37,0.00328185560908119,0,0,0.255719930534881,0,0.113707379033345,0,0.0444716099581587,0.0443402459290425,0,0.0534234958421762,0.0773369881429304,0.0199208196605963,0.113221100176518,0.0618888795667275,0.102328977876267,0.0142201813599312,0.0356598862408569,0.0604786500694887,0,0,0,0.00600000000000001,0.291125154471856,0.978042788230668
8c4a7f36-f25b-449a-87e9-e413a35cbca6,0.0183785748979871,0,0.00776042320477425,0.0102229257038315,0,0.300659124547794,0.0158905640888891,0,0.00123353174071909,0,0.0944191790871308,0,0,0.146716359619521,0.13716791371982,0.1842264788437,0,0.045134738084768,0.0381901864610646,0,0,0,0.002,0.379200726225863,0.930124635001177
8fc09183-9ad5-4b27-9081-772a9895da69,0,0,0.0167528714092238,0.0518150051965463,0,0.19897353997439,0.00191014211965184,0.022817606581712,0,0,0.161249467449936,0.0112528734917976,3.63441361295406e-05,0.18098122271982,0.172718863762277,0.0867572671936151,0.0273441751438215,0.0344115729040166,0.0329790479170628,0,0,0,0.002,0.465534445316593,0.886642712508023
9039aef0-3d43-4b37-8508-6135a2616cb5,0.0427580589241837,0,0.0013149704198155,0.0984553412623284,0,0.351965072762963,0.0400834500543233,0,0.0150632516333768,0,0.0670099687012111,0,0.03724802545174,0,0.0337955864625546,0.144151903076597,0.0103552726464677,0.0654531299375281,0.0923459686669112,0,0,0,0.362,0.064476961542662,1.06557266680254
c5cee1b1-52af-4448-9ce3-443eee654433,0.0145475309453253,0,0.0938915148716069,0.0130701477633138,0,0.291963629568842,0.0329206876820382,0,0,0,0.0825383193477991,0,0.00379464626897602,0.186770228747085,0.0712719858364796,0.112506637290334,0,0.0752826853756133,0.0122970884139521,0.00602842287202704,0,0.00311647501660753,0.004,0.342970475848789,0.943136300557118
919ad647-d821-45d7-ad7c-bc4078f6dc83,0.0537119433586256,0,0.01376159291618,0.0402726975513044,0,0.374298851808986,0.00681398280307945,0.00667147940006093,0,0,0.0581017145551508,0.00199292963553511,0.0193720816250907,0,0.0085045898219893,0.23324976676156,0.0718549339920999,0.0417698741907264,0.0696235615796113,0,0,0,0.754,0.00535791499797165,1.08175936323324
91fa8c2b-ee99-42ec-a0e2-088931d05c4a,0.0449221881582045,0,0.000667764856606281,0.00563216665914839,0,0.223800062221219,0,0,0.0443135404640524,0,0.0612843369119824,0,0,0.368647939498852,0.00978920435697378,0.106656204679233,0,0.0192879848437111,0.114998607350016,0,0,0,0.134,0.120790629776842,1.06272341457794
95285ee2-cc8b-4f0d-b3da-ae146c1efca2,0,0,0.0123231020558069,0,0,0.334104873204116,0,0.00392911459471483,0,0,0.0536505545485544,0.0202195970449633,0.00243899855484637,0.186495753213454,0.221476206058737,0.0104103532118036,0,0.105946322875887,0.0490051246371167,0,0,0,0.168,0.107792949567265,1.10184190273839
9678c5cb-97be-4f76-a161-fece8b5982cd,0,0,0.0308813482440371,0.00256981420703349,0,0.226329573794542,0,0,0.0537711475950682,0,0.038587892950889,0,0,0.364315952524229,0.0264078233690244,0.193003192896804,0,0.0172314473392559,0.0066462911461821,0.0374478297769273,0,0.00280768615600721,0.366,0.0630780751577565,1.10325212600488
98d3da9f-bc4a-4ff0-ac57-fe62cf8f6c41,0.000664861816211746,0,0.00013615731550114,0,0,0.100365408132415,0,0.0170261003722899,0.0568743846762625,0,0.0854740446931543,0,0.0221236243370505,0.22455779144916,0.00142402799913528,0,0.369515541870692,0.00327589593757165,0.0992855744947033,0,0.0192765869058519,0,0.364,0.0638842228291402,1.08164305540903
9936b58b-3328-4ef9-8085-cd611b2294f2,0.0335576750468907,0,0.0322360283967327,0.0298606806529063,0,0.262022968198624,0,0.0999487122386623,0.0246643393286992,0,0.069456466170295,0.0159590521469551,0.0244158051649343,0.197008042563817,0.0930693565733729,0.0354562932120226,0.0582881215412079,0,0.0213587715126492,0,0.00269768725223117,0,0.076,0.158637576715745,1.02782147638682
996fc9a8-2cdd-4f23-a716-218aaa69df94,0,0,0.0228167962190402,0.00316845091811921,0,0.229187787764177,0,0,0.0286171707228629,0,0.053945444017618,0,0.0136599139444855,0.266743394709618,0.0206750487487508,0.000833153891824062,0.0284262778851116,0.0848775842949938,0,0.247048976883399,0,0,0.028,0.209799938455039,1.02824119079884
9adb359c-7196-4b9e-8cd7-b6b207521db4,0.0610774787402894,0,0.0525515161748876,0,0,0.0149406151735323,0,0,0.0156849462711459,0,0.0109833399803704,0,0,0.786238768363849,0,0.0211731398062438,0,0.00044240014907488,0.0369077953406067,0,0,0,0,0.687138691154878,0.737198010211794
9b55f6d0-87d1-4afe-b27a-491c5e4784b1,0,0,0,0,0,0.236899520824577,0.0407892064001502,0,0,0,0.0397315975640302,0.0281994202997255,0,0.345950267070759,0.0767842084793058,0.145135153841939,0,0.0573481194814919,0,0.029162506038021,0,0,0.004,0.334649743362381,0.962830381421368
9b573cf3-f4a1-4ff4-8bb3-10be48301a88,0.00636704695026621,0,0,0.014784184860206,0,0.123385818501394,0,0.025813263305305,0.0369843070907291,0,0.0440671899231665,0,0,0.510670262899735,0.0266170450704053,0.136526785093009,0,0.00444851460962433,0.0703355816961596,0,0,0,0.00600000000000001,0.281238726197528,1.01462823540158
a06c91ef-ed4b-42d4-9edf-1df4722fba4f,0.00388125931495481,0,0.0249216823184565,0.0157241113673078,0,0.140361342647024,0.0986458006393965,0.0534313623712646,0,0,0.0921789251462549,0.0292946755009331,0.0223508295929367,0.00195571843900761,0.042305552898013,0.339985727977868,0.0134189596201578,0.121544052166425,0,0,0,0,0.246,0.0887285612581119,1.05768560011748
a0e5df28-f34e-4fc8-8100-ea276c5956e4,0.019570503247804,0,0.00237281330261137,0.122559900661954,0,0.156246814385277,0.0816021485734527,0.0075495509942425,0.0440190740162958,0,0.106141455575035,0.00161419436332118,0.0183006095469155,0.0290800678616911,0.175546934801174,0.0706897382175078,0.0005739996573252,0.0661889213816725,0.0974003136210077,0,0,0.000542959792713101,0.044,0.191127455668186,1.03132805773556
a14a2fc7-3f99-4ba8-a6e2-41a72a0f59d4,0.00176406725095813,0,0,0.00661632203413671,0,0.288621950490429,0,0,0,0,0.0961506810882466,0,0.0159241889065843,0.391570098049379,0,0.142887029857002,0,0.0251730200198594,0,0.0312926423034047,0,0,0.00600000000000001,0.268851938814768,1.00398258076429
a22b70b1-3c74-43d9-9786-07d254605fb0,0,0,0,0.10057088899985,0,0.187342829740071,0.0217316623297556,0.0288347807271955,0,0,0.0488646161707803,0.0287453662862301,0,0.296130642878997,0.00567337672479411,0.0255480438342678,0.0308919290120621,0.192011167058762,0.0336546962372349,0,0,0,0.084,0.152168488026826,1.05027214533137
a29de7d1-6d29-417a-8fad-2cb57a8f7db8,0.0203677681968499,0,0.00470882923686924,0.073345840863731,0,0.206573633573282,0.0308796038380853,0.0395032048898328,0.0759254099295338,0,0.0745176377122029,0,0.00741972259062193,0.125482280455058,0.165877720584269,0.0983444297877696,0.0238902993895207,0.0133439945649192,0.0398196243874542,0,0,0,0.004,0.331890197463528,0.95461083249139
a2b8d498-f21a-4718-8661-1cd9535ac2e5,0.121071519892809,0,0.01990288413189,0.0817426132521517,0,0.331378955913429,0.0262660495092326,0,0.095834353594771,0,0.0702518404520403,0,0.0208608061498647,0.000648668658677538,0.0632353404455373,0.0682932714620936,0,0.0430874449973177,0.0574262515401859,0,0,0,0.406,0.0580084950633604,1.07622478923082
a62d59ff-b040-4986-adb6-044191fe4462,0.0287608559834299,0,0.080480417543581,0.0706967923217736,0,0.256675248553906,0.0119784258066668,0.0548137406218241,0.0575947002035253,0,0.0796281422608973,0,0.0153596239663461,0.0809963603963638,0.0667067905988483,0.117838124984156,0.0231201865224986,0.0499869166319153,0.00536367360426872,0,0,0,0.604,0.0287790461692066,1.07543939745512
a6539e64-aeac-4a51-9a35-b088be14668c,0,0.0145513351337975,0.256475734025918,0.0810171258316039,0,0.175435704522142,0.0214781481673185,0.0215638195611183,0.0430871198985944,0,0.0267006797506742,0.0431856587762528,0.0116858404526029,0.123386047489995,0.034781039534277,0.114252061883748,0,0.00516078862657552,0.027238896345381,0,0,0,0.086,0.145210066411295,1.01669481176433
a7f46029-9c1a-49bd-88ab-61664e345f97,0,0,0,0,0,0.329573353778469,0,0.0185415493280222,0.0116759337317063,0,0.0582082110816748,0.0177922722986299,0.0113874135307106,0.230743894401563,0.112174598494201,0.136356249194928,0,0.0463219335978977,0.0272245905621978,0,0,0,0.00600000000000001,0.268068370949592,0.988864492403016
a7f51de2-26ec-4719-89b8-161c9d1f0790,0.0013305385955913,0,0.000206655723243866,0.0231427655003636,0,0.25666308157995,0,0,0.0283133706214008,0,0.034719934906819,0.0364272407341034,0.0442598434777921,0.0788202305341818,0.0124753460000485,0.281137911265141,0,0.0708389603779315,0.125833217705484,0,0.00583090297794973,0,0.78,0.00308042676961681,1.08549226149245
edf5ea47-414a-4e58-be4e-942e749a4733,0.027359443681072,0,0,0.041648662537879,0,0.29258657775284,0,0,0.0232183687690646,0,0.0836411526443549,0,0,0.295713078792979,0.0833618259967588,0.13126769529999,0,0.00331813765205136,0.0178850568730102,0,0,0,0,0.551764862553533,0.834510985178132
aea0d82e-1955-43f7-b3c9-4299a2f7a456,0.0491446443987278,0,0.0401678124466706,0,0,0.348631200464736,0,0,0.0209776222030889,0,0.0733872252281466,0,0.0274115949789719,0.104953689215628,0,0.0882047346006036,0,0.0907227368638753,0.107222740709609,0.0491759988899418,0,0,0.358,0.0655501339730373,1.05581421421406
aed9e1a3-8037-40a6-9ced-64e414467718,0,0,0,0.0650464629914772,0,0.288081899585663,0.045797453410063,0,0,0,0.143276099659147,0,0.0160150407267247,0.127451047057526,0.112301519538351,0.149580066999121,0.0124383682231085,0.0334140271451915,0,0.00659801466362741,0,0,0.194,0.0998922667229247,1.06856866387577
b0a41da1-d309-4d5a-bd1e-59a7ecdcf64a,0.0407364732545442,0,0,0.0997008736060952,0,0.0593829739267539,0.00710066815801867,0.0499683159454788,0.0591355699571931,0,0.037990222778676,0.00335890404956922,0.014479371292024,0.387742776162839,0.0753601009150192,0.120169054721191,0,0.0224879598085196,0.0223867354240781,0,0,0,0.004,0.35041675459943,0.952943172228334
cc5ead11-ada3-4db3-bb08-1a944e497c47,0,0,0.0524612751143715,0.0952278844121745,0,0.311920344179825,0,0.0172607263040571,0.00281600009211737,0,0.0764320132564126,0,0.0196095548396051,0.221723397583095,0.0777854926616914,0.0873615343926387,0,0.0314351430197394,0.00596663414427228,0,0,0,0.00600000000000001,0.266344031477553,0.985774034098497
b3a80fbc-9066-4bc8-88f0-3f20d52f6489,0.0220001874216406,0,0.0450940918205107,0.271701523396465,0,0,0.202783012623719,0.00988387312089345,0,0,0.0802865271198569,0.0198011808517636,0.028854500459598,0.00917586887640746,0.125147660545287,0.126618605194526,0.00413396627264282,0,0.054519002296691,0,0,0,0.002,0.46265979901396,0.885682218256877
b4b4e9e2-b661-4968-a347-4d6086cd0cbf,0,0,0,0.138995987307787,0,0.144532529834543,0,0.0444734278202588,0.0481467108845059,0,0,0.0593074401232756,0.00657327958641001,0.0572690528604063,0.192340991022136,0.167188002833679,0.117963494384038,0.0106128804519851,0,0.00518780400246583,0,0.00740839888850941,0.004,0.337123248041349,0.957950163625442
b5506833-abd9-4411-b9fd-4516fbc6fafc,0,0,0.0298139275149727,0.00156784722499724,0,0.344335141670326,0.0142865624938827,0,0,0,0.0550370572781636,0,0,0.283180287307437,0.011669723796933,0.169807551172769,0.015963473676633,0.0167499845736568,0.0549432737595226,0.00264516953070621,0,0,0.01,0.250225027402883,0.995103104108337
b594be41-26d7-4416-b694-ea33bf89b9ed,0.00440468757172531,0,0,0.169775676965997,0,0.145047240828151,0.0396474215126781,0.0665404995195084,0.0238591147467717,0,0.102618340459463,0.0136946573827402,0.0126464860417155,0.06790746796083,0.254188320583108,0.0900838559335504,0,0.00320331472585286,0,0.00638291576790797,0,0,0.004,0.349211439406874,0.970105251767051
b84e7ed5-b84b-4bee-b555-49bd197b9de3,0,0,0.0031782444536144,0.0706379176590072,0,0.401773806536685,0.0247322612692687,0.00186155387348523,0,0,0.0983533997138144,0,0.00537327132556734,0.0823265442678367,0.0791596785929239,0.129721492715716,0,0.0654940911113649,0.0373877384807156,0,0,0,0.07,0.16596962062805,1.03506928391052
b944e00d-c119-4bb8-943d-2eb4ea88c410,0.00162726898119556,0,0.0445967849245496,0.00888281176253273,0,0.274010843003944,0.00699816617583506,0,0,0,0.0539989550241208,0,0.00928785687106414,0.148339037703827,0.0683247493551882,0.175558176812617,0.0442313244791642,0.104054473545297,0.0504744652259767,0,0,0.0096150861346882,0.146,0.116551503585046,1.04326107593653
ba98799c-6f98-4d0e-9ce1-b2a21df680c5,0.00326498321214374,0,0.016848654165991,0.0332118113328018,0,0.171961993594005,0,0.0425627337432649,0.162057306119149,0,0.0839456179772184,0.0115018850515873,0.0212411103111307,0.0248164347551083,0.0864299482474989,0.224752206441574,0,0.0640120632715635,0,0.00124382577959146,0,0.0521494259973725,0.022,0.218846971956768,1.00258560158989
bb140b85-ab50-48ff-92e2-e8575b717cea,0.00564023697779018,0,0,0.0769904328228863,0,0.32581754249637,0.012075410516395,0.0208071977045162,0,0,0.0332436477622309,0,0,0.29547699727136,0.0122488945485653,0.146989436436023,0,0.0205629823805416,0,0.0501472210833223,0,0,0.00600000000000001,0.279781654054523,0.986893924476122
ca7103ce-8d6d-4b6f-8982-c12914fc896e,0.0660357875046003,0,0.0144913804950294,0.120568464551867,0,0.303121143394166,0,0.0203293401823261,0.0421731288313248,0,0.0665164875981794,0,0.0220998610627355,0.0155778069427551,0.145195977962709,0.121959873895214,0.0142014714820342,0.0100067422426892,0.0377225338543703,0,0,0,0.002,0.398429095065457,0.920480035285711
bd237b46-b737-4651-9e7a-612e04632a6f,0,0,0.0472307896309766,0.0521992322007923,0,0.152734103569564,0,0.0433706722373757,0.0748848762795286,0,0.0578947234676549,0,4.9362155834954e-05,0.275874282157365,0.103547997348123,0.15203103311807,0,0.0132950666109006,0.0268878612238136,0,0,0,0.044,0.192221632093559,1.0225025727427
fd434c3e-120b-4e22-bd02-25e97f36fb1e,0.005397729275988,0,0.000976397560370593,0.00886376619196887,0.0434084972197455,0.132319949747116,0,0,0.0302140526536902,0,0.0123675411644355,0,0,0.679597952573702,0.00302546970740628,0.0155808621806453,0,0,0.0682477817249323,0,0,0,0.002,0.40865739748387,0.962808588421219
bdf4c1e7-f823-4828-ac05-e8b0608a2a11,0.00901260898344877,0,0,0.0165956183517988,0,0.315451885044026,0,0,0.0152109323559853,0,0,0.101253727001035,0.00947967983332938,0.226822568874858,0.161941955192533,0,0,0.106444799562325,0,0.0342189481166986,0,0.00356727668396197,0.078,0.156433511173958,1.06818981742618
bf7e3880-e49d-412a-99bb-0f17456bd692,0.00103399270168941,0,0,0,0,0.313383860932603,0,0,0.0323798779330832,0,0.0799694626167861,0,0,0.304033604684572,0.100809586312923,0.115496668798635,0.042562248382717,0.00708380988660708,0.00324688775038431,0,0,0,0.002,0.462248970088571,0.887369516604481
bfc9aff7-93e2-4331-9722-764f599e9409,0,0,0,0.0522510793750215,0,0.3034538694115,0.00694618311519327,0,0,0,0.123539196287142,0,0.0516504303217415,0.0870056491638095,0.147301361844161,0.192053831414694,0,0.0186285100103678,0,0,0,0.0171698890563699,0.312,0.0734097972661615,1.08347670444591
c013ba53-35bf-4b40-a744-21f390303dee,0.0036847658837668,0,0.0204369444080127,0.275211259315814,0,0.0863008643413609,0.156467024625571,0.0169255429417242,0.0414921716640701,0,0.112950885110031,0,0.0173354596008454,0.0472336522838059,0.093243763228989,0.0654296505962821,0,0.0525240351000711,0.0107639808996547,0,0,0,0.004,0.361008571508829,0.943657903452329
c0d34a08-d870-45e2-94c5-24e45d1f1356,0,0,0.0227325515484206,0,0,0.160331069940203,0.0116587473831871,0.0242979548176111,0.0151761339488866,0,0.0538896605351403,0,0,0.632322735243573,0.0283143834556388,0.00262949669904567,0.0470145060585825,0,0,0,0.00163276036971178,0,0.00600000000000001,0.293087919930815,1.0305660091057
c2d0bb8c-05d3-4eb9-9782-aaf4f9e91353,0.01775732854806,0,0.0291393499438843,0.113327891679306,0,0.289126428684619,0.0809087545507283,0,0,0,0.151266710798953,0,0.0134051893654024,0.0396614171340203,0.0939137960442132,0.147620221241736,0,0.00276562672124182,0,0.010225471187238,0,0.0108818141005988,0.026,0.211429003365613,1.01456504766672
c45e4ae1-3b59-491a-b0d3-e8560e0d42a0,0.0132184953237778,0,0,0.0982334131492579,0,0.217254485213605,0,0.000351192452991123,0.0642566959436958,0,0.025745386909881,0,0.021404636974325,0.140745056057362,0.227490795889456,0.00637869036322306,0,0.103507654426551,0,0.0786671554170103,0.00274634187886365,0,0.004,0.315450481018357,0.987593415723459
c5976308-8c60-4f51-8e86-3b586f137f23,0,0,0.0508920757011046,0.0716764179047435,0,0.352011995980988,0.0109468142605555,0,0.00423838399339854,0,0.0822937905076941,0,0.00195615967373554,0.1274662131183,0.0690905224741389,0.136589657465222,0,0.0479900959149428,0.0286175232926018,0,0,0.0162303497125747,0.012,0.243127632044162,0.991666196378143
c778256b-62cc-4642-886f-f2950526f374,0.000333152750044599,0,0,0.0813961045728565,0,0.254189598727152,0.0269793905854669,0.0027475310864955,0,0,0.106951553703053,0.0262012354628114,0.00698183065018996,0.167437659872798,0.0795077756968777,0.132344064173163,0.0824005456760543,0,0.0280393158177897,0,0,0.00449024122524764,0.322,0.070271966818173,1.07369038811798
c8190f3c-3f74-4e88-add7-e82f5def2e63,0,0,0.00258668357520113,0,0,0.241297332610206,0,0.0505508558093931,0.00842349125933314,0,0.0769067522686525,0,0.0407875591055986,0.324582470313184,0,0,0.0135720417298585,0.157747732005339,0.0805843416674534,0,0.00296073965578083,0,0.736,0.00846287442819956,1.10769965614185
c87e7072-34b2-4aab-bfb8-0fd61d926fb0,0.0130275452322314,0,0,0.0186777568045554,0,0.277718613304814,0,0.0281711769620826,0.0841561456868584,0,0,0.0610546727701413,0.0129582050997482,0.0388504874938355,0.206434970841634,0.0944686476232002,0.0813445353860025,0.0237041602830017,0.0594330825118947,0,0,0,0.002,0.446848661464044,0.896630286615121
cb33a073-f47e-407f-af93-92387244aa29,0,0,0,0.0454584130175428,0,0.204022566128218,0.0122311898341206,0.0259986694493891,0.0539984468669734,0,0.085304541021113,0.0216922292498864,0.0332420573049139,0,0.0613494912168377,0.264137572673877,0.0478238262619478,0.0964041546275437,0.0483368423476361,0,0,0,0.074,0.159179312105602,1.02512853403703
ccfa22c8-d440-460e-899d-98ce642effca,0.00159964002890066,0,0.000395138251770444,0.0090689012925414,0,0.333913034648248,0,0,0,0,0.137443719547183,0,0,0.190242092784464,0.0153784935590715,0.088057864487014,0,0.0400671205000274,0,0.18383399490078,0,0,0.27,0.0836824757441071,1.08198031139372
ce6dbffc-c526-4f4a-90de-ba402b2b63ef,0,0,0,0,0,0.215976920023943,0,0.00156721529152001,0.0832198175339566,0,0.0840860964943291,0,0.00148064150811624,0.317763756143938,0,0.15087604304381,0.00754091526164367,0.137488594698744,0,0,0,0,0,0.562786229736968,0.826992248499046
cfde3042-a7a5-4931-88ae-d4f23dcee41c,0.0256882445924598,0,0,0.00255577906806617,0,0.246201952704026,0.00992581500434523,0.000474802226447336,0.0129980775262505,0,0.0203528544769653,0,0,0.350294362860776,0.0514084560162701,0.198853536935867,0,0.0607584697783955,0.0204876488101316,0,0,0,0.004,0.372980768607812,0.941359882660309
d76c021e-8c55-43cd-84ee-9785a323c29a,0.0422873744750208,0,0.00644202836921088,0.018970756500405,0,0.327850780533732,0,0,0.0261198598376883,0,0.0406051541884908,0.012054117232775,0.0346894692159243,0.145464336058444,0.0967596061308807,0.123077260153869,0,0.0259409540544885,0.0997383032490702,0,0,0,0.358,0.0660392614819721,1.06329653098855
d81be377-be69-4b84-a224-015aa562601f,0.00780564405925903,0,0,0,0,0.276170666689019,0.00642589038186543,0.000481473306417061,0,0,0.0716216985305257,0.00650553153826922,0,0.257654995270247,0.186583223501846,0.0521363880098905,0,0.0463441737465813,0,0.0882703149660804,0,0,0.004,0.331775861002277,0.969493389822336
d9f2f627-8527-47be-bb59-fe7033c3499d,0.00926942416714405,0,0,0.0372111479282802,0,0.122140512596703,0,0.0287161330144321,0.0826190075156304,0,0.0119248442035865,0.108733407367665,0.0264281247198327,0.255291343964839,0.0573717906985549,0.136058363514572,0.112876699564094,0,0,0,0.0113592007446654,0,0.002,0.396955661596442,0.92192036227474
df5d5bb6-d9cc-43bd-b03c-9721060f1ad7,0.10964427126725,0.0320634362045366,0.0412752028647793,0.0821706895993636,0,0.317178295336604,0.0401059200213295,0.0696932902494517,0.0441610068068563,0,0.0722348597887522,0,0.0151181962376328,0.0292310891351582,0.0875737062281048,0.0518252836548537,0.00040414882071625,0.00732060378461162,0,0,0,0,0.004,0.33868035973167,0.949842419709136
e0865862-8829-494f-9a15-237519513ed5,0,0,0.0282463925644724,0.0204763918948024,0,0.348373000750453,0.0355993772503597,0.00524689276180136,0,0,0.115230121522384,0,0.000530605977347818,0.247495996148501,0.0825680902357218,0.0983170496484226,0,0.00780142576642871,0,0.0101146554793049,0,0,0.002,0.44188518305437,0.897506983044728
e0ba453e-0cbf-4cf5-9cab-d889f899bb7d,0.0240444149020234,0,0.203914706487324,0,0,0.180661276746077,0.0144984956324384,0,0.0421134028801366,0,0.0516587166490873,0,0.017140407789072,0.235710019931117,0.0103546312741175,0.16300967914209,0,0.0366486498887266,0,0.0202455986777903,0,0,0.368,0.0623775948334356,1.05830332905838
e46b1407-7768-4914-a937-9fad62f0207b,0.00765062685300638,0,0,0,0,0.32367912815206,0,0,0.0744369089139433,0,0.00150839571920819,0.0471476135716542,0,0.403280625600215,0.0479875715772282,0.0737533881011126,0,0,0.0205557415115718,0,0,0,0.028,0.210795826569803,1.03270815356371
e4a520c9-91a8-46ec-89a5-1707d24c125d,0,0,0,0.133894794365284,0,0.242414904996248,0,0,0,0,0.132023313636012,1.333754470874e-05,0.0123887793737899,0.190879162396278,0.0811836046814899,0.171528720918079,0,0.00402791006030075,0.0316454720278097,0,0,0,0.054,0.181047933256581,1.03143090197206
e4e6b6d0-e0d8-4477-bdcc-57daf4468e92,0.0177925532735834,0,0.0640275302682527,0.0849095072464368,0,0.241188164360807,0.0798078511148407,0,0,0,0.0804576611818174,0,0.0186265012533443,0.0568223907903625,0.1193121268235,0.137231126914561,0,0.016980469045377,0.0828441177271172,0,0,0,0.002,0.404726724203069,0.91378909367823
e6b99e42-89f2-4666-a76f-1c33b99d0f0e,0.0902324520621864,0,0.0259316195378932,0.148218137870605,0,0.245505440730292,0.0465638848087236,0.0672227771514361,0.0764284756246951,0,0.0703668457731443,0,0.0189520407059576,0.0208012521468438,0.0733415690383988,0.027618449027173,0.0346855233845256,0.051259684099539,0.0028718480385864,0,0,0,0.07,0.164789310086457,1.03508708189398
e9cebd54-b6b4-4158-be31-7724c56165c4,0.0179412101874666,0,0.0298044910750879,0.158880684637767,0,0.0845996183495934,0.0261369908286991,0.043217134014865,0.0223210085441579,0,0.0670217173866887,0.0305565028883309,0.0273268381606483,0.0362300189772569,0.286835324993925,0.15647567194374,0.00811360744257936,0,0.00453918056919402,0,0,0,0.002,0.485114491835046,0.88352513974458
ec391e89-3ffa-4e8f-ba46-7ea7a95dcd7b,0,0,0.0250071839162504,0.0323777637039307,0,0.269800395945736,0.0387830175877274,0,0,0,0.10358251245507,0,0.00607934494655907,0.105150320707335,0.216554124807074,0.109774290479533,0,0.0533206949651001,0.0270556160368145,0,0,0.0125147344488694,0.002,0.453438674946594,0.895385457695535
ecffbb22-a57d-4250-937c-d8a73a93d97e,0.00582987807838112,0,0.00159106835922193,0.00231676603016382,0.0893322219539887,0.178717027627223,0,0.00991401133494883,0,0,0,0.0370804704114698,0.0174881039758017,0.511792469688298,0,0.0146776601937632,0,0.00842470088747373,0,0.106342536838539,0.0164930846207268,0,0.482,0.0473299963365032,1.14918360102892
f3e35797-d314-450d-b3cf-5b000dd1691d,0.00973087257557982,0,0.00322863847407474,0.0185875703770981,0.154067711410214,0.295918530518899,0,0,0,0,0.0811711813673205,0,0.0247602910724803,0.237332978074741,0.00173467572393136,0,0.0020881292748502,0,0,0.153314567404855,0.0180648537259557,0,0.084,0.14926271303788,1.05197833155037
f58540cd-7ad0-4167-b984-3506713d5da1,0,0,0,0.00768551445682155,0,0.248577320338199,0.0232037847195583,0.00567415987445771,0,0,0.0768682094153826,0,0,0.525047661306935,0.0561309016493048,0.0338800630904415,0,0.0198007918854066,0,0.00313159326349238,0,0,0.01,0.248536565649863,1.03456549744409
f8b3eb55-0a76-4f8c-bf8c-f99767c352fd,0,0,0.255456478296402,0.0223858940619112,0,0.26887074411875,0.00593082403317575,0.00826945153135915,0,0,0.05630378955918,0,0.0192448612986477,0.13119705695136,0.165504013551203,0.0517738235811773,0,0,0.00109362809571864,0,0,0.0139694349211142,0.256,0.0867482983933465,1.05790807250457
f97ae484-c4fd-4253-896e-3e3f96471f05,0.0813827427787607,0,0,0.029278346960738,0,0.142515760246516,0,0.186403147675451,0,0,0.102440775129409,0,0.0273818974182051,0.0781444921968286,0.0362863776087225,0,0,0.245479118388518,0,0.0706873415968512,0,0,0.95,-0.0330368535583756,1.12388757237959
