gene_symbol	drug_name	interaction_score	sources
BRCA1	7-HYDROXY ISOFLAVONE	0.1150695423767015	DTC
BRCA1	OLAPARIB	0.2484456028587875	CGI; ClearityFoundationBiomarkers; CIViC; OncoKB; PharmGKB
BRCA1	PLATINUM COMPOUND	0.2157553919563154	CIViC
BRCA1	DAIDZIN	0.191782570627836	DTC
BRCA1	CHEMBL:CHEMBL581929	0.095891285313918	DTC
BRCA1	PIDNARULEX	0.575347711883508	CIViC
BRCA1	CHEMBL:CHEMBL1481721	0.575347711883508	DTC
BRCA1	CHEMBL:CHEMBL484663	0.0719184639854385	DTC
BRCA1	CHEMBL:CHEMBL1214407	0.143836927970877	DTC
BRCA1	2-PHENYLQUINOLINE	0.575347711883508	DTC
BRCA1	HARMALOL	0.143836927970877	DTC
BRCA1	CHEMBL:CHEMBL1574420	0.095891285313918	DTC
BRCA1	DOXORUBICIN HYDROCHLORIDE	0.01039785021476219	DTC; NCI
BRCA1	MITOMYCIN	0.0547950201793817	NCI
BRCA1	PACLITAXEL PROTEIN-BOUND	0.009835003621940307	NCI
BRCA1	RESVERATROL	0.01797961599635962	DTC
BRCA1	CHEMBL:CHEMBL12658	0.575347711883508	DTC
BRCA1	ONONIN	0.1150695423767015	DTC
BRCA1	CEDIRANIB	0.02348358007687787	CIViC
BRCA1	PIPERINE	0.05230433744395527	DTC
BRCA1	CHEMBL:CHEMBL446567	0.575347711883508	DTC
BRCA1	CHEMBL:CHEMBL546649	0.1150695423767015	DTC
BRCA1	DEPHOSTATIN	0.02301390847534032	DTC
BRCA1	SEMUSTINE	0.287673855941754	DTC
BRCA1	CISPLATIN	0.03100676291587767	CIViC; CGI; NCI; ClearityFoundationBiomarkers
BRCA1	CHEMBL:CHEMBL1404865	0.575347711883508	DTC
BRCA1	QUARFLOXIN	0.383565141255672	CIViC
BRCA1	PARP/TANKYRASE INHIBITOR 2X-121	0.095891285313918	ClearityFoundationBiomarkers
BRCA1	WISTIN	0.575347711883508	DTC
BRCA1	CHRYSIN DIMETHYL ETHER	0.191782570627836	DTC
BRCA1	GEMCITABINE	0.02841223268560533	NCI; CIViC
BRCA1	CHEMBL:CHEMBL600315	0.287673855941754	DTC
BRCA1	AURINTRICARBOXYLIC ACID	0.01855960360914541	DTC
BRCA1	MITOXANTRONE HYDROCHLORIDE	0.1643850605381451	NCI
BRCA1	SACITUZUMAB GOVITECAN	0.0719184639854385	PharmGKB
BRCA1	CHEMBL:CHEMBL588683	0.143836927970877	DTC
BRCA1	CHEMBL:CHEMBL593254	0.191782570627836	DTC
BRCA1	CHEMBL:CHEMBL588525	0.191782570627836	DTC
BRCA1	PURPURIN	0.02739751008969085	DTC
BRCA1	CHEMBL:CHEMBL316796	0.191782570627836	DTC
BRCA1	CHEMBL:CHEMBL1709259	0.575347711883508	DTC
BRCA1	CHEMBL:CHEMBL452954	0.1150695423767015	DTC
BRCA1	CHEMBL:CHEMBL1078244	0.287673855941754	DTC
BRCA1	RIBOFLAVIN	0.1150695423767015	DTC
BRCA1	GAMMA-FAGARINE	0.575347711883508	DTC
BRCA1	THERAPEUTIC HORMONE	0.02615216872197763	NCI
BRCA1	TIAPROFENIC ACID	0.191782570627836	DTC
BRCA1	CARBOPLATIN	0.01961412654148322	ClearityFoundationBiomarkers; CIViC
BRCA1	CHEMBL:CHEMBL1320798	0.575347711883508	DTC
BRCA1	PHYTOESTROGEN	0.287673855941754	NCI
BRCA1	CHEMBL:CHEMBL1308677	0.287673855941754	DTC
BRCA1	CHEMBL:CHEMBL581910	0.095891285313918	DTC
BRCA1	PHENAMIL METHANESULFONATE	0.095891285313918	DTC
BRCA1	TAMOXIFEN CITRATE	0.042618349028408	NCI
BRCA1	DIPYRIDAMOLE	0.01128132768399035	DTC
BRCA1	OXALIPLATIN	0.04209861306464693	ClearityFoundationBiomarkers; CIViC
BRCA1	EUFLAVINE	0.03595923199271925	DTC
BRCA1	GLABRIDIN	0.575347711883508	DTC
BRCA1	DAUNORUBICIN HYDROCHLORIDE	0.01743477914798509	DTC
BRCA1	CHEMBL:CHEMBL1420181	0.1150695423767015	DTC
BRCA1	CHEMBL:CHEMBL589207	0.287673855941754	DTC
BRCA1	QUINALIZARIN	0.0383565141255672	DTC
BRCA1	CHEMBL:CHEMBL114544	0.0719184639854385	DTC
BRCA1	CHEMBL:CHEMBL546865	0.095891285313918	DTC
BRCA1	7-HYDROXYFLAVONE	0.575347711883508	DTC
BRCA1	IROFULVEN	0.383565141255672	NCI
BRCA1	VINORELBINE	0.04602781695068064	NCI
BRCA1	CHEMBL:CHEMBL587620	0.1150695423767015	DTC
BRCA1	THUNBERGINOL E	0.287673855941754	DTC
BRCA1	ANTHRACYCLINE ANTINEOPLASTIC ANTIBIOTIC	0.095891285313918	NCI
BRCA1	VELIPARIB	0.191782570627836	ClearityFoundationBiomarkers; CIViC; CGI
BRCA1	DIMETHYL YELLOW	0.143836927970877	DTC
BRCA1	ILEPCIMIDE	0.191782570627836	DTC
BRCA1	CHEMBL:CHEMBL1998001	0.1150695423767015	DTC
BRCA1	VU0001171	0.1150695423767015	DTC
BRCA1	RUCAPARIB	0.1678097492993565	CIViC; PharmGKB; ClearityFoundationBiomarkers; CGI; OncoKB
BRCA1	SB 204741	0.047945642656959	DTC
BRCA1	CHEMBL:CHEMBL1405979	0.143836927970877	DTC
BRCA1	CHEMBL:CHEMBL153505	0.287673855941754	DTC
BRCA1	THIABENDAZOLE	0.095891285313918	DTC
BRCA1	EMODIN	0.287673855941754	NCI
BRCA1	CHEMBL:CHEMBL66279	0.287673855941754	DTC
BRCA1	CALYCOSIN	0.191782570627836	DTC
BRCA1	TALAZOPARIB	0.09279801804572708	OncoKB; CIViC; ClearityFoundationBiomarkers; PharmGKB
BRCA1	NILE RED	0.1150695423767015	DTC
BRCA1	PIFEXOLE	0.08219253026907256	DTC
BRCA1	APIGENIN	0.01855960360914541	DTC
BRCA1	6-HYDROXYFLAVONE	0.143836927970877	DTC
BRCA1	BLEOMYCIN	0.0719184639854385	NCI
BRCA1	SODIUM TANSHINONE IIA SULFONATE	0.095891285313918	DTC
BRCA1	NIRAPARIB	0.1078776959781577	PharmGKB; ClearityFoundationBiomarkers; OncoKB
BRCA1	CHEMBL:CHEMBL273891	0.575347711883508	DTC
EGFR	AUMOLERTINIB	0.3637937422218744	ChEMBL; GuideToPharmacology
EGFR	AFATINIB	0.8549152942214049	COSMIC; MyCancerGenome; GuideToPharmacology; FDA; CGI; OncoKB; TALC; DTC; TTD; MyCancerGenomeClinicalTrial; DoCM; CancerCommons; CIViC; TdgClinicalTrial
EGFR	ABIVERTINIB	0.09094843555546861	ChEMBL
EGFR	FUTUXIMAB	0.3637937422218744	ChEMBL; TTD
EGFR	RINDOPEPIMUT	0.1818968711109372	ChEMBL
EGFR	PD-0166285 HYDROCHLORIDE	0.0454742177777343	ChEMBL
EGFR	CISPLATIN	0.002178405642047152	CIViC
EGFR	OLMUTINIB	0.1818968711109372	ChEMBL
EGFR	OSIMERTINIB MESYLATE	0.1818968711109372	ChEMBL
EGFR	ABIVERTINIB MALEATE	0.09094843555546861	ChEMBL
EGFR	ROCILETINIB	0.606322903703124	CIViC; ChEMBL; MyCancerGenome; GuideToPharmacology; CGI; TTD; TALC
EGFR	GEFITINIB	0.1660797518838992	CIViC; MyCancerGenomeClinicalTrial; COSMIC; TALC; GuideToPharmacology; TdgClinicalTrial; ClearityFoundationBiomarkers; ChEMBL; CancerCommons; MyCancerGenome; CGI; DTC; TEND; OncoKB; DoCM; FDA; TTD
EGFR	MATUZUMAB	0.3637937422218744	TALC; TTD
EGFR	GRACILIN J	0.3637937422218744	DTC
EGFR	NIMOTUZUMAB	0.1818968711109372	ChEMBL
EGFR	LAZERTINIB	0.2182762453331246	CIViC; GuideToPharmacology; PharmGKB
EGFR	LAPATINIB	0.1129015062067886	TEND; TdgClinicalTrial; GuideToPharmacology; PharmGKB; CancerCommons; TALC; DTC; DoCM; MyCancerGenomeClinicalTrial; CIViC; TTD; OncoKB; CGI; ClearityFoundationClinicalTrial
EGFR	PANITUMUMAB	0.1818968711109372	TdgClinicalTrial; ClearityFoundationBiomarkers; GuideToPharmacology; TTD; TALC; ChEMBL; MyCancerGenome; ClearityFoundationClinicalTrial; CGI; FDA; DoCM; TEND; CIViC
EGFR	DOSIMERTINIB	0.1818968711109372	GuideToPharmacology
EGFR	COMPOUND 17B [PMID: 35286086]	0.09094843555546861	GuideToPharmacology
EGFR	IBRUTINIB	0.01881691770113143	DTC; GuideToPharmacology
EGFR	POZIOTINIB	0.1818968711109372	ChEMBL; OncoKB; GuideToPharmacology; MyCancerGenomeClinicalTrial
EGFR	TARLOXOTINIB	0.1818968711109372	GuideToPharmacology
EGFR	OSIMERTINIB	0.2819401502219527	GuideToPharmacology; COSMIC; ChEMBL; CGI; OncoKB; CIViC; PharmGKB; TTD; FDA
EGFR	DACOMITINIB ANHYDROUS	0.8185359199992175	PharmGKB; GuideToPharmacology; TTD; OncoKB; MyCancerGenome; MyCancerGenomeClinicalTrial; CancerCommons; TdgClinicalTrial; DTC; ChEMBL; CIViC; FDA; TALC
EGFR	ICOTINIB HYDROCHLORIDE	0.1818968711109372	TTD
EGFR	MIFANERTINIB	0.09094843555546861	GuideToPharmacology
EGFR	NAQUOTINIB	0.7275874844437489	GuideToPharmacology; TTD; CIViC
EGFR	BMS-690514	0.0454742177777343	GuideToPharmacology
EGFR	NAZARTINIB	0.1818968711109372	ChEMBL
EGFR	CUDC-101	0.02598526730156246	GuideToPharmacology; ChEMBL
EGFR	NIMOTUZUMAB	0.3637937422218744	MyCancerGenome; TALC; TdgClinicalTrial; CGI
EGFR	DEHYDRATED ALCOHOL	0.004664022336177877	NCI
EGFR	BEFOTERTINIB	0.5456906133328117	CIViC; GuideToPharmacology
EGFR	NECITUMUMAB	1.091381226665623	GuideToPharmacology; MyCancerGenome; TALC; TTD; ChEMBL; TdgClinicalTrial
EGFR	CHEMBL:CHEMBL1914653	0.3637937422218744	DTC
EGFR	LAPRITUXIMAB EMTANSINE	0.3637937422218744	TTD
EGFR	INDIUM-111	0.1818968711109372	TTD
EGFR	AV-412	0.09094843555546861	ChEMBL
EGFR	CETUXIMAB	0.4648475595057285	TdgClinicalTrial; ChEMBL; TALC; CancerCommons; TTD; CIViC; FDA; ClearityFoundationBiomarkers; TEND; MyCancerGenome; GuideToPharmacology; CGI; DoCM
EGFR	EPIREGULIN	0.09094843555546861	GuideToPharmacology
EGFR	EGFR/ERBB-2/ERBB-4 INHIBITOR	0.06063229037031241	GuideToPharmacology
EGFR	MAVELERTINIB	0.1818968711109372	GuideToPharmacology
EGFR	EPIGEN	0.1818968711109372	GuideToPharmacology
EGFR	TAK-715	0.007579036296289051	DTC
EGFR	CEP-11981	0.0202107634567708	DTC
EGFR	JNJ-26483327	0.04042152691354161	ChEMBL; TTD
EGFR	MOBOCERTINIB SUCCINATE	0.1818968711109372	ChEMBL
EGFR	TUXOBERTINIB	0.09094843555546861	ChEMBL
EGFR	AV-412	0.1818968711109372	TdgClinicalTrial; TALC
EGFR	BI-4020	0.1818968711109372	GuideToPharmacology
EGFR	PD166285	0.003368460576128467	GuideToPharmacology
EGFR	ZM-306416	0.06063229037031241	GuideToPharmacology
EGFR	TOZASERTIB	0.002598526730156246	DTC
EGFR	THELIATINIB	0.1818968711109372	ChEMBL
EGFR	ACALABRUTINIB	0.01136855444443357	GuideToPharmacology
EGFR	CARBOPLATIN	0.008268039595951692	CIViC; PharmGKB
EGFR	LENVATINIB	0.02273710888886715	CIViC
EGFR	SUNVOZERTINIB	0.3637937422218744	PharmGKB; CIViC; GuideToPharmacology
EGFR	AP-26113	0.09094843555546861	MyCancerGenomeClinicalTrial
EGFR	TAMATINIB	0.002245640384085644	DTC
EGFR	STAUROSPORINE	0.008661755767187486	DTC
EGFR	RUSERONTINIB	0.06063229037031241	ChEMBL
EGFR	TUXOBERTINIB	0.09094843555546861	GuideToPharmacology
EGFR	NITROGLYCERIN	0.01399206700853363	TTD
EGFR	CENISERTIB	0.001581711922703802	DTC
EGFR	TARLOXOTINIB	0.0454742177777343	ChEMBL
EGFR	STX-241	0.1818968711109372	GuideToPharmacology
EGFR	PF-05230907	0.1818968711109372	TTD
EGFR	PEGINTERFERON ALFA-2B	0.01173528200715724	PharmGKB
EGFR	LOMUSTINE	0.07275874844437488	CIViC
EGFR	COMPOUND 52 [PMID: 36749735]	0.1818968711109372	GuideToPharmacology
EGFR	CHEMBL:CHEMBL1077773	0.3637937422218744	DTC
EGFR	RALIMETINIB	0.06063229037031241	GuideToPharmacology
EGFR	SORAFENIB	0.005456906133328117	TTD; DTC
EGFR	TUCATINIB	0.06063229037031241	TALC; GuideToPharmacology
EGFR	DOVITINIB	0.001998866715504804	GuideToPharmacology
EGFR	PERTUZUMAB	0.02598526730156246	TALC
EGFR	PEMETREXED DISODIUM	0.03789518148144525	PharmGKB; CIViC
EGFR	DORAMAPIMOD	0.008661755767187486	DTC
EGFR	METFORMIN	0.006736921152256934	CIViC
EGFR	MOBOCERTINIB	1.091381226665623	CIViC; GuideToPharmacology; ChEMBL; TTD; PharmGKB
EGFR	ANTI-EGFR MONOCLONAL ANTIBODY GT-MAB 5.2-GEX	0.1818968711109372	TTD
EGFR	MOMELOTINIB	0.01653607919190338	TALC
EGFR	PEMBROLIZUMAB	0.008873018102972547	FDA; PharmGKB
EGFR	EAI045	0.1818968711109372	GuideToPharmacology
EGFR	ANTI-EGFRVIII ANTIBODY DRUG CONJUGATE AMG 595	0.1818968711109372	TTD
EGFR	GW843682X	0.004664022336177877	DTC
EGFR	RIBAVIRIN	0.009832263303293903	PharmGKB
EGFR	PKI166	0.3637937422218744	ChEMBL; GuideToPharmacology
EGFR	AG1478	0.09094843555546862	GuideToPharmacology; DTC
EGFR	FUTUXIMAB/MODOTUXIMAB MIXTURE	0.2425291614812496	MyCancerGenome; CIViC; TdgClinicalTrial
EGFR	TAK-285	0.09094843555546861	ChEMBL
EGFR	TELISOTUZUMAB VEDOTIN	0.09094843555546861	PharmGKB
EGFR	DEPATUXIZUMAB MAFODOTIN	0.01136855444443357	ChEMBL
EGFR	RG-1530	0.002115079896638805	DTC
EGFR	LEUCOVORIN CALCIUM	0.009832263303293903	PharmGKB
EGFR	SEVABERTINIB	0.09094843555546861	PharmGKB
EGFR	NIVOLUMAB	0.01136855444443357	FDA; PharmGKB
EGFR	LAZERTINIB	0.1818968711109372	ChEMBL
EGFR	PRUVONERTINIB	0.1818968711109372	GuideToPharmacology
EGFR	AG 9	0.02598526730156246	GuideToPharmacology
EGFR	MM-151	0.2728453066664058	TTD; MyCancerGenome; GuideToPharmacology
EGFR	ILORASERTIB	0.001732351153437497	DTC
EGFR	TESEVATINIB	0.06063229037031241	ChEMBL
EGFR	ZIPALERTINIB	0.3637937422218744	GuideToPharmacology; ChEMBL
EGFR	EPIDERMAL GROWTH FACTOR	0.09094843555546861	TTD
EGFR	OLMUTINIB	0.3637937422218744	GuideToPharmacology; CGI
EGFR	DACOMITINIB	0.06063229037031241	ChEMBL
EGFR	ZONGERTINIB	0.09094843555546861	GuideToPharmacology
EGFR	JND3229	0.1818968711109372	GuideToPharmacology
EGFR	CANERTINIB	0.2546556195553121	TALC; CIViC; GuideToPharmacology; MyCancerGenome; DTC
EGFR	VATALANIB	0.01299263365078123	TTD
EGFR	PYROTINIB	0.1818968711109372	ChEMBL; GuideToPharmacology
EGFR	PATRITUMAB	0.06063229037031241	TALC
EGFR	LOSATUXIZUMAB VEDOTIN	0.01136855444443357	ChEMBL
EGFR	JBJ-04-125-02	0.1818968711109372	GuideToPharmacology
EGFR	COMPOUND 38 [PMID: 24915291]	0.02273710888886715	GuideToPharmacology
EGFR	RAMUCIRUMAB	0.1455174968887497	PharmGKB; CIViC; FDA
EGFR	RINDOPEPIMUT	0.9094843555546861	CIViC; CGI; TdgClinicalTrial; TTD
EGFR	COMPOUND 56 [PMID: 8568816]	0.1818968711109372	GuideToPharmacology
EGFR	EGFR/ERBB-2 INHIBITOR	0.09094843555546861	GuideToPharmacology
EGFR	FALNIDAMOL	0.1364226533332029	GuideToPharmacology; ChEMBL; TTD
EGFR	BMS-599626	0.1818968711109372	TTD; TALC; MyCancerGenome
EGFR	CANERTINIB DIHYDROCHLORIDE	0.06063229037031241	ChEMBL
EGFR	PETOSEMTAMAB	0.09094843555546861	GuideToPharmacology
EGFR	IPILIMUMAB	0.008661755767187486	PharmGKB
EGFR	ANTI-MET/EGFR MONOCLONAL ANTIBODY LY3164530	0.09094843555546861	TTD
EGFR	ORANTINIB	0.01818968711109372	GuideToPharmacology
EGFR	SIROLIMUS	0.01914703906430918	CIViC; DoCM; CGI
EGFR	AMIVANTAMAB	0.09094843555546861	GuideToPharmacology
EGFR	BRIGATINIB	0.08084305382708322	CIViC; ChEMBL; GuideToPharmacology
EGFR	FIRMONERTINIB	0.3637937422218744	CIViC
EGFR	CETUXIMAB SAROTALOCAN SODIUM	0.1818968711109372	TTD
EGFR	JAK3 INHIBITOR II	0.0454742177777343	GuideToPharmacology
EGFR	AEE788	0.1091381226665623	MyCancerGenome; GuideToPharmacology; ChEMBL
EGFR	TGF&ALPHA;	0.1818968711109372	GuideToPharmacology
EGFR	ALOE-EMODIN	0.09094843555546861	DTC
EGFR	CHEMBL:CHEMBL285063	0.3637937422218744	DTC
EGFR	MULTIKINASE INHIBITOR AEE788	0.2425291614812496	CIViC; TALC
EGFR	SB202190	0.01039410692062498	DTC
EGFR	EPITINIB	0.1818968711109372	ChEMBL
EGFR	LAZERTINIB MESYLATE	0.1818968711109372	ChEMBL
EGFR	KAEMPHEROL	0.00909484355554686	GuideToPharmacology
EGFR	CHEMBL:CHEMBL1078000	0.3637937422218744	DTC
EGFR	C34 [ZHU ET AL., 2023]	0.1818968711109372	GuideToPharmacology
EGFR	NVP-TAE684	0.001765989039912011	DTC
EGFR	FLUOROURACIL	0.002864517655290349	PharmGKB
EGFR	DEPATUXIZUMAB	0.1818968711109372	ChEMBL
EGFR	TOMUZOTUXIMAB	0.1818968711109372	ChEMBL
EGFR	COMPOUND 18J [PMID: 35446588]	0.1818968711109372	GuideToPharmacology
EGFR	SELATINIB	0.09094843555546861	GuideToPharmacology
EGFR	AZ5104	0.1818968711109372	GuideToPharmacology
EGFR	ANTI-MET MONOCLONAL ANTIBODY MIXTURE SYM015	0.09094843555546861	TTD
EGFR	ANTI-EGFRVIII IMMUNOTOXIN MR1-1	0.1818968711109372	TTD
EGFR	PACLITAXEL PROTEIN-BOUND	0.003109348224118585	PharmGKB
EGFR	DATOPOTAMAB DERUXTECAN	0.3637937422218744	CIViC
EGFR	AFATINIB DIMALEATE	0.06063229037031241	ChEMBL
EGFR	LIFIRAFENIB	0.06063229037031241	GuideToPharmacology
EGFR	BETACELLULIN	0.09094843555546861	GuideToPharmacology
EGFR	ICOTINIB	0.3637937422218744	CIViC; TALC; MyCancerGenome
EGFR	S-222611	0.1818968711109372	ChEMBL; TTD
EGFR	MS154	0.1818968711109372	GuideToPharmacology
EGFR	ANTI-EGFR MONOCLONAL ANTIBODY EMD 55900	0.1818968711109372	TTD
EGFR	SOTRASTAURIN	0.003307215838380676	DTC
EGFR	GRACILIN A	0.3637937422218744	DTC
EGFR	REZIVERTINIB	0.1818968711109372	GuideToPharmacology
EGFR	MATUZUMAB	0.1818968711109372	ChEMBL
EGFR	MAVELERTINIB	0.1818968711109372	ChEMBL
EGFR	HB-EGF	0.09094843555546861	GuideToPharmacology
EGFR	CHEMBL:CHEMBL29197	0.0454742177777343	DTC
EGFR	AMPHIREGULIN	0.1818968711109372	GuideToPharmacology
EGFR	ERLOTINIB HYDROCHLORIDE	0.1818968711109372	ChEMBL
EGFR	ALISERTIB	0.003870146193849728	DTC
EGFR	PD 158780	0.1818968711109372	GuideToPharmacology
EGFR	SIMOTINIB	0.1818968711109372	ChEMBL
EGFR	LIMERTINIB	0.1818968711109372	GuideToPharmacology
EGFR	ANTI-PD1 MONOCLONAL ANTIBODY	0.3637937422218744	CIViC
EGFR	NERATINIB MALEATE	0.06063229037031241	ChEMBL
EGFR	GELDANAMYCIN	0.03307215838380677	PharmGKB
EGFR	G-QUADRUPLEX STABILIZER BMVC	0.3637937422218744	CIViC
EGFR	MDX-447	0.09094843555546861	ChEMBL
EGFR	PIMURUTAMAB	0.1818968711109372	ChEMBL
EGFR	AG 112	0.0454742177777343	GuideToPharmacology
EGFR	EMUPERTINIB	0.1818968711109372	GuideToPharmacology
EGFR	BARASERTIB-HQPA	0.008268039595951692	DTC
EGFR	PEGINTERFERON ALFA-2A	0.01212645807406248	PharmGKB
EGFR	BAFISONTAMAB	0.09094843555546861	ChEMBL
EGFR	PAN-HER KINASE INHIBITOR AC480	0.0454742177777343	TdgClinicalTrial
EGFR	BI-4142	0.09094843555546861	GuideToPharmacology
EGFR	BMS-599626	0.2425291614812496	GuideToPharmacology; DTC; ChEMBL
EGFR	ALLITINIB	0.1818968711109372	TTD
EGFR	MAB-425	0.1818968711109372	ChEMBL
EGFR	TEPOTINIB	0.0454742177777343	PharmGKB
EGFR	NERATINIB MALEATE	0.09094843555546861	TTD
EGFR	AMIVANTAMAB	0.09094843555546861	ChEMBL
EGFR	CHEMBL:CHEMBL1358137	0.1212645807406248	DTC
EGFR	MLN-8054	0.006736921152256934	DTC
EGFR	CETUXIMAB SAROTALOCAN	0.1818968711109372	ChEMBL
EGFR	MS39	0.1818968711109372	GuideToPharmacology
EGFR	PP-121	0.0151580725925781	GuideToPharmacology
EGFR	CEMIPLIMAB	0.0303161451851562	PharmGKB
EGFR	GC1118	0.1818968711109372	ChEMBL
EGFR	CIPATINIB	0.09094843555546861	TTD
EGFR	PLUMBAGIN	0.02425291614812496	DTC
EGFR	TQB3804	0.1818968711109372	GuideToPharmacology
EGFR	TREMELIMUMAB	0.02598526730156246	PharmGKB
EGFR	PUQUITINIB MESYLATE DIHYDRATE	0.01653607919190338	ChEMBL
EGFR	ERLOTINIB HYDROCHLORIDE	0.03637937422218744	MyCancerGenomeClinicalTrial
EGFR	CYC-116	0.001875225475370486	DTC
EGFR	ICOTINIB	0.5456906133328117	ChEMBL; MyCancerGenomeClinicalTrial; GuideToPharmacology
EGFR	WZ4002	0.02598526730156246	GuideToPharmacology
EGFR	CH7233163	0.1818968711109372	GuideToPharmacology
EGFR	BMS-690514	0.0303161451851562	ChEMBL
EGFR	VANDETANIB	0.02923342571425776	ClearityFoundationClinicalTrial; TdgClinicalTrial; ChEMBL; MyCancerGenomeClinicalTrial; TALC; GuideToPharmacology; ClearityFoundationBiomarkers; TTD; MyCancerGenome
EGFR	PF-06459988	0.1818968711109372	ChEMBL
EGFR	SAPITINIB	0.1364226533332029	MyCancerGenome; ChEMBL; GuideToPharmacology
EGFR	BIZROLERTINIB	0.09094843555546861	GuideToPharmacology
EGFR	COMPOUND 19A [PMID: 30503936]	0.02273710888886715	GuideToPharmacology
EGFR	NAQUOTINIB	0.1818968711109372	ChEMBL
EGFR	BEVACIZUMAB	0.008084305382708322	CIViC
EGFR	SH-1028	0.1818968711109372	GuideToPharmacology
EGFR	METHYLCURCUMIN	0.09094843555546861	DTC
EGFR	PACRITINIB	0.07275874844437488	CIViC
EGFR	PF-670462	0.0454742177777343	GuideToPharmacology
EGFR	DEPATUXIZUMAB MAFODOTIN	0.3637937422218744	TTD
EGFR	DURVALUMAB	0.01136855444443357	PharmGKB
EGFR	MITOGEN-ACTIVATED PROTEIN KINASE KINASE INHIBITOR	0.06063229037031241	CIViC
EGFR	MDX-214	0.1818968711109372	TdgClinicalTrial
EGFR	SERIBANTUMAB	0.09094843555546861	TALC
EGFR	AZD-4769	0.1818968711109372	ChEMBL
EGFR	XILIERTINIB	0.0303161451851562	GuideToPharmacology
EGFR	SILEVERTINIB	0.1818968711109372	GuideToPharmacology
EGFR	ASANDEUTERTINIB	0.1818968711109372	GuideToPharmacology
EGFR	PD 174265	0.5456906133328117	DTC; GuideToPharmacology
EGFR	DULIGOTUZUMAB	0.2728453066664058	MyCancerGenome; ChEMBL; TTD
EGFR	IMGATUZUMAB	0.2728453066664058	TALC; ChEMBL; MyCancerGenome
EGFR	IMATINIB	0.00996695184169519	PharmGKB
EGFR	KBP5209	0.0454742177777343	ChEMBL
EGFR	ANTI-PD-L1 MONOCLONAL ANTIBODY	0.09094843555546861	CIViC
EGFR	AMIVANTAMAB	1.27327809777656	PharmGKB; CIViC
EGFR	BMS-690514	0.1364226533332029	TALC; TTD; MyCancerGenome
EGFR	ZALUTUMUMAB	0.3637937422218744	ChEMBL; TdgClinicalTrial
EGFR	ROGARATINIB	0.0454742177777343	TTD
EGFR	ANTI-EGFR/HER2/HER3 MONOCLONAL ANTIBODY MIXTURE SYM013	0.06063229037031241	TTD
EGFR	GOZANERTINIB	0.1818968711109372	GuideToPharmacology
EGFR	TALAZOPARIB	0.01173528200715724	CIViC
EGFR	PP1	0.0303161451851562	GuideToPharmacology
EGFR	NAZARTINIB	0.1818968711109372	TTD
EGFR	CUDC-101	0.0419762010256009	TTD; TdgClinicalTrial; TALC
EGFR	ZALUTUMUMAB	0.3637937422218744	TALC; TTD
EGFR	DEPATUXIZUMAB	0.3637937422218744	TTD; MyCancerGenome
EGFR	CRIZOTINIB	0.01455174968887497	CIViC
EGFR	MODOTUXIMAB	0.1818968711109372	ChEMBL
EGFR	COMPOUND 6G [PMID: 30633509]	0.1818968711109372	GuideToPharmacology
EGFR	DEGUELIN	0.3637937422218744	CIViC
EGFR	PELITINIB	0.303161451851562	TTD; GuideToPharmacology; ChEMBL; MyCancerGenome; TALC
EGFR	EGFR INHIBITOR 57	0.1818968711109372	GuideToPharmacology
EGFR	DIMETHYLCURCUMIN	0.07275874844437488	DTC
EGFR	ANTI-EGFR MONOCLONAL ANTIBODY SYN004	0.1818968711109372	TTD
EGFR	EPIDERMAL GROWTH FACTOR RECEPTOR TYROSINE KINASE INHIBITOR	0.101053817283854	CIViC
EGFR	TESEVATINIB	0.1039410692062498	MyCancerGenome; GuideToPharmacology; TdgClinicalTrial; TALC
EGFR	FIRMONERTINIB	0.3637937422218744	ChEMBL; GuideToPharmacology
EGFR	NERATINIB	0.09794446905973543	ChEMBL; TdgClinicalTrial; TTD; CIViC; TALC; GuideToPharmacology
EGFR	EGF	0.1818968711109372	GuideToPharmacology
EGFR	JBJ-09-063	0.1818968711109372	GuideToPharmacology
EGFR	TRASTUZUMAB	0.006496316825390615	TEND
EGFR	NAZARTINIB	0.1818968711109372	GuideToPharmacology
EGFR	TIGOZERTINIB	0.1818968711109372	GuideToPharmacology
EGFR	ERLOTINIB	0.4148525130600322	OncoKB; CGI; ClearityFoundationBiomarkers; CancerCommons; MyCancerGenome; TEND; TdgClinicalTrial; DoCM; GuideToPharmacology; DTC; COSMIC; FDA; ClearityFoundationClinicalTrial; TTD; CIViC; PharmGKB; TALC
EGFR	EXAMPLE 10 [CN110740999A]	0.1818968711109372	GuideToPharmacology
EGFR	TEGAFUR	0.0454742177777343	PharmGKB
EGFR	CURCUMIN	0.006736921152256934	DTC
EGFR	BPIQ-I	0.1818968711109372	GuideToPharmacology
EGFR	VARLITINIB	0.2728453066664058	TTD; ChEMBL; TdgClinicalTrial
EGFR	YUANHUADINE	0.07275874844437488	DTC
EGFR	AG 490	0.01212645807406248	GuideToPharmacology
EGFR	ZORIFERTINIB	0.1818968711109372	GuideToPharmacology; ChEMBL
EGFR	G&OUML; 6976	0.003954279806759504	DTC
EGFR	ATEZOLIZUMAB	0.01455174968887497	PharmGKB; FDA
EGFR	EGFR INHIBITOR	0.1818968711109372	GuideToPharmacology
EGFR	AGERAFENIB	0.0454742177777343	ChEMBL
EGFR	ABIVERTINIB	0.0454742177777343	GuideToPharmacology
EGFR	PIROTINIB	0.06063229037031241	GuideToPharmacology
EGFR	LAPATINIB DITOSYLATE	0.09094843555546861	ChEMBL
EGFR	LIDOCAINE	0.01136855444443357	TdgClinicalTrial
EGFR	ALLITINIB	0.1212645807406248	ChEMBL; GuideToPharmacology
EGFR	CANERTINIB DIHYDROCHLORIDE	0.0454742177777343	TTD
EGFR	ANTI-ERBB3 MONOCLONAL ANTIBODY AV-203	0.06063229037031241	TALC
EGFR	ORIC-114	0.09094843555546861	GuideToPharmacology
EGFR	EP26	0.1818968711109372	GuideToPharmacology
E2F1	BORTEZOMIB	0.0439634464229923	NCI
E2F1	THERAPEUTIC HORMONE	0.08592855437221222	NCI
E2F1	URSODIOL	0.2224033171986669	NCI
E2F1	TETRADECANOYLPHORBOL ACETATE	0.0590758811308959	NCI
E2F1	RECOMBINANT NERVE GROWTH FACTOR	0.3150713660314448	NCI
E2F1	QUERCETIN	0.2520570928251558	NCI
E2F1	EDIFOLIGIDE	0.2363035245235836	ChEMBL
E2F1	ANTISENSE OLIGONUCLEOTIDES	0.1145714058296163	NCI
E2F1	METHOTREXATE	0.0331654069506784	NCI
E2F1	RAS INHIBITOR	0.9452140980943344	NCI
E2F1	LARGAZOLE	0.06518717917891963	DTC
E2F1	NICOTINE POLACRILEX	0.0879268928459846	NCI
E2F1	DIETHYLSTILBESTROL	0.1260285464125779	NCI
E2F1	IRINOTECAN HYDROCHLORIDE	0.05560082929966672	NCI
E2F1	CARMUSTINE	0.3780856392377337	NCI
E2F1	RECOMBINANT HEPATOCYTE GROWTH FACTOR	0.5671284588566006	NCI
E2F1	ETOPOSIDE	0.09778076876837942	NCI
E2F1	PIBENZIMOL	3.780856392377337	NCI
E2F1	EDIFOLIGIDE	0.2363035245235836	ChEMBL
E2F1	CISPLATIN	0.02263985863699004	NCI
E2F1	ACETYLCYSTEINE	0.2520570928251558	NCI
E2F1	DOXORUBICIN HYDROCHLORIDE	0.02277624332757432	NCI
E2F1	ESTRADIOL VALERATE	0.08401903094171861	NCI
E2F1	PRIMAQUINE	0.3780856392377337	NCI
E2F1	FLUOROURACIL	0.02977052277462471	NCI
E2F1	ASCORBIC ACID	0.2268513835426402	NCI
E2F1	ARGIPRESSIN	0.1718571087444244	NCI
E2F1	PACLITAXEL PROTEIN-BOUND	0.03231501190066101	NCI
AURKA	PACLITAXEL PROTEIN-BOUND	0.01064494509668833	CIViC
AURKA	COMPOUND 46 [PMID: 16451062]	0.3113646440781337	GuideToPharmacology
AURKA	AURORA KINASE INHIBITOR II	0.3113646440781337	GuideToPharmacology
AURKA	CENISERTIB	0.2490917152625069	MyCancerGenome; TdgClinicalTrial; TTD; TALC
AURKA	BARASERTIB-HQPA	0.02830587673437579	DTC
AURKA	GSK143	0.3113646440781337	GuideToPharmacology
AURKA	DUBERMATINIB	0.1037882146927112	GuideToPharmacology
AURKA	TOZASERTIB LACTATE	0.2075764293854224	TTD
AURKA	PF-03814735	0.6227292881562674	TALC; MyCancerGenome
AURKA	HESPERADIN	0.01556823220390668	DTC
AURKA	ALISERTIB	0.1457451525472115	TALC; DTC; MyCancerGenomeClinicalTrial; TTD; ChEMBL; MyCancerGenome; TdgClinicalTrial; CIViC; CancerCommons; GuideToPharmacology
AURKA	SNS-314	0.6227292881562675	MyCancerGenome; TdgClinicalTrial; TTD
AURKA	GSK2334470	0.1037882146927112	GuideToPharmacology
AURKA	JUGLONE	0.02965377562648892	GuideToPharmacology
AURKA	BARASERTIB	0.1132235069375031	GuideToPharmacology; DTC
AURKA	AMG-900	0.6227292881562674	GuideToPharmacology; ChEMBL; ClearityFoundationClinicalTrial; TALC; MyCancerGenome
AURKA	TTP-607	0.2075764293854224	ChEMBL
AURKA	MK-5108	0.6227292881562674	ChEMBL
AURKA	ENMD-2076	0.1494550291575042	MyCancerGenome; TdgClinicalTrial; TTD; ChEMBL; ClearityFoundationClinicalTrial; GuideToPharmacology
AURKA	SNS-314	0.3113646440781337	GuideToPharmacology
AURKA	CYC-116	0.01925966870586394	DTC; ChEMBL
AURKA	RG-1530	0.0217231147031256	DTC; GuideToPharmacology; ChEMBL
AURKA	AURORA A KINASE INHIBITOR MK5108	1.245458576312534	TALC; MyCancerGenome
AURKA	TOZASERTIB	0.05337679612768007	TALC; DTC; TdgClinicalTrial; ChEMBL; GuideToPharmacology
AURKA	AURORA KINASE INHIBITOR AMG 900	0.1556823220390668	TTD
AURKA	DIMETHYLADENINE	0.06919214312847416	DTC
AURKA	N-{3-[(4-{[3-(TRIFLUOROMETHYL)PHENYL]AMINO}PYRIMIDIN-2-YL)AMINO]PHENYL}CYCLOPROPANECARBOXAMIDE	0.6227292881562674	GuideToPharmacology
AURKA	TAMOXIFEN	0.02707518644157684	CIViC
AURKA	CHEMBL:CHEMBL546797	0.01946029025488335	DTC
AURKA	ILORASERTIB	0.02372302050119114	ChEMBL; TTD; GuideToPharmacology; DTC
AURKA	AT-9283	0.1037882146927112	GuideToPharmacology
AURKA	MLN8054	0.6227292881562674	TTD
AURKA	MLN-8054	0.1153202385474569	ChEMBL; DTC; GuideToPharmacology
AURKA	EUPATORIN	0.1037882146927112	DTC
AURKA	CYC116	0.4670469661172005	TALC; TdgClinicalTrial; TTD
AURKA	PF-562271	0.01197556323377437	DTC; GuideToPharmacology
AURKA	PAZOPANIB	0.01270876098278096	DTC
AURKA	ENMD-981693	0.03277522569243513	ChEMBL
AURKA	BETA-CARBOLINE	0.1556823220390668	DTC
AURKA	EP-0042	0.2075764293854224	GuideToPharmacology
AURKA	XL228	0.1779226537589335	TALC; TdgClinicalTrial
AURKA	VIC 1911	0.9340939322344011	ChEMBL; GuideToPharmacology; TTD
AURKA	BI-847325	0.1556823220390668	MyCancerGenome; GuideToPharmacology
AURKA	VTX-11E	0.1245458576312534	GuideToPharmacology
AURKA	SK5527	0.3113646440781337	GuideToPharmacology
AURKA	AT-9283	0.1037882146927112	ChEMBL
AURKA	TINENGOTINIB	0.08896132687946677	GuideToPharmacology
AURKA	TAMATINIB	0.007688015903163796	DTC
AURKA	G&OUML; 6976	0.01353759322078842	DTC
AURKA	MK-5108	0.2075764293854224	GuideToPharmacology
AURKA	DANUSERTIB	0.4151528587708449	MyCancerGenome; ChEMBL; TTD; GuideToPharmacology
AURKA	MK-6592	0.2075764293854224	ChEMBL
AURKA	GW441756X	0.0095804505870195	DTC
AURKA	KENPAULLONE	0.01324955932247377	DTC
AURKA	ZM447439	0.07326226919485498	GuideToPharmacology; DTC
AURKA	COMPOUND 38 [PMID: 20817473]	0.1556823220390668	GuideToPharmacology
AURKA	XMD-12	0.2075764293854224	GuideToPharmacology
AURKA	RHO KINASE INHIBITOR IV	0.3113646440781337	GuideToPharmacology
AURKA	ALISERTIB SODIUM	0.6227292881562674	ClearityFoundationClinicalTrial
AURKA	SORAFENIB	0.006227292881562674	DTC
AURKA	PLATINUM COMPOUND	0.1556823220390668	CIViC
AURKA	CDK2 INHIBITOR IV	0.07784116101953342	GuideToPharmacology
AURKA	N-(5-METHYL-1H-PYRAZOL-3-YL)-2-PHENYLQUINAZOLIN-4-AMINE	0.2075764293854224	GuideToPharmacology
AURKA	COMPOUND 25 [PMID: 20855207]	0.2075764293854224	GuideToPharmacology
AURKA	ENTRECTINIB	0.01092507523081171	DTC
AURKA	KW-2449	0.2490917152625069	ChEMBL; GuideToPharmacology
AURKA	CP-547632	0.0144820764687504	DTC
AURKA	MK-5108	0.2075764293854224	TTD
AURKA	COMPOUND 10 [PMID: 19402633]	0.3113646440781337	GuideToPharmacology
AURKA	AST-487	0.01683052130152074	DTC
AURKA	CENISERTIB	0.01083007457663073	ChEMBL; DTC
AURKA	GSK1070916	0.2075764293854224	GuideToPharmacology
AURKA	FLUOROURACIL	0.009806760443405787	CIViC
AURKA	CISPLATIN	0.0149156715726052	CIViC
AURKA	ANACARDIC ACID	0.2490917152625069	DTC
AURKA	GSK2646264	0.07784116101953342	GuideToPharmacology
AURKA	PF-03814735	0.3113646440781337	ChEMBL
AURKA	GSK269962A	0.01353759322078842	DTC
AURKA	COMPOUND 16 [PMID: 18945615]	0.1556823220390668	GuideToPharmacology
AURKA	NERVIANO	0.6227292881562674	DTC
AURKA	AT9283	0.2264470138750063	TALC; MyCancerGenome; TTD; TdgClinicalTrial
AURKA	NVP-TAE684	0.006045915418992888	DTC
AURKA	SNS-314	0.02965377562648892	DTC; ChEMBL
AURKA	JNJ-7706621	0.02395112646754875	GuideToPharmacology; DTC
AURKA	CHEMBL:CHEMBL578061	0.02490917152625069	DTC
CHEK1	CCT244747	2.035845749741643	DTC; GuideToPharmacology; CKB-CORE
CHEK1	PALBOCICLIB	0.01850768863401494	DTC
CHEK1	CYC-116	0.01049405025640022	DTC
CHEK1	COMPOUND 33 [PMID: 19364658]	0.2035845749741643	GuideToPharmacology
CHEK1	XL844	1.017922874870821	TTD; TdgClinicalTrial
CHEK1	AZD7762	0.8143382998966573	GuideToPharmacology; ChEMBL; TTD; TALC
CHEK1	BX-795	0.1131025416523135	GuideToPharmacology
CHEK1	CHEMBL:CHEMBL578061	0.04071691499483287	DTC
CHEK1	ISOGRANULATIMIDE	0.3393076249569406	GuideToPharmacology
CHEK1	DOVITINIB	0.01118596565792111	DTC
CHEK1	PF-00477736	0.7634421561531163	CKB-CORE; ChEMBL
CHEK1	7-HYDROXYSTAUROSPORINE	0.4071691499483286	NCI
CHEK1	RABUSERTIB	4.071691499483287	ChEMBL; GuideToPharmacology; TTD; TALC
CHEK1	7-HYDROXYSTAUROSPORINE	0.07830175960544783	GuideToPharmacology
CHEK1	PREXASERTIB	1.42509202481915	GuideToPharmacology; CIViC; ChEMBL; CKB-CORE; TTD
CHEK1	SB 218078	1.017922874870821	GuideToPharmacology
CHEK1	CHEMBL:CHEMBL506048	2.035845749741643	DTC
CHEK1	GEMCITABINE	0.05026779628991712	NCI; CKB-CORE
CHEK1	NVP-TAE684	0.009882746357969143	DTC
CHEK1	COMPOUND 25 [PMID: 17935989]	0.1131025416523135	GuideToPharmacology
CHEK1	PF-477736	0.5089614374354109	GuideToPharmacology
CHEK1	BX-912	0.2035845749741643	GuideToPharmacology
CHEK1	CHEMBL:CHEMBL1997335	0.02423625892549575	DTC
CHEK1	BERZOSERTIB	0.290835107105949	CKB-CORE
CHEK1	OLAPARIB	0.0925384431700747	CKB-CORE; CIViC
CHEK1	SP-600125	0.01143733567270586	DTC
CHEK1	BEN-28010	1.017922874870821	GuideToPharmacology
CHEK1	DIMETHYLADENINE	0.1131025416523135	DTC
CHEK1	MK-8776	0.5089614374354109	GuideToPharmacology
CHEK1	TAMATINIB	0.01256694907247928	DTC
CHEK1	DOXORUBICIN HYDROCHLORIDE	0.01226413102254002	NCI
CHEK1	CHIR-124	1.017922874870821	GuideToPharmacology
CHEK1	GDC-0425	0.5089614374354109	TTD
CHEK1	UCN-01	0.1272403593588527	TTD; ChEMBL
CHEK1	DACTOLISIB	0.02313461079251867	DTC
CHEK1	RG-7741	1.017922874870821	ChEMBL
CHEK1	XL-844	0.5089614374354109	ChEMBL
CHEK1	SCH-900776	2.035845749741643	ChEMBL; TTD
CHEK1	CCT241533	0.5089614374354109	GuideToPharmacology
CHEK1	WITHAFERIN A	0.1696538124784703	DTC
CHEK1	CCT245737	0.5089614374354109	GuideToPharmacology
CHEK1	RG-1530	0.01183631249849792	DTC
CHEK1	PACLITAXEL PROTEIN-BOUND	0.01740039102343285	CKB-CORE
CHEK1	GEMTUZUMAB OZOGAMICIN	0.2544807187177054	NCI
CHEK1	THYMIDINE	0.4071691499483286	NCI
CHEK1	RG-7602	1.017922874870821	ChEMBL
CHEK1	ETOPOSIDE	0.03510078878864903	DTC
CHEK1	CI-1040	0.06362017967942636	TTD
CHEK1	KENPAULLONE	0.02165793350788982	DTC
CHEK1	CENISERTIB	0.008851503259746277	DTC
CHEK1	CISPLATIN	0.0121906931122254	CIViC
CHEK1	COMPOUND 25 [PMID: 20855207]	0.3393076249569406	GuideToPharmacology
CDK2	1-AZAKENPAULLONE	0.03645453821851428	DTC
CDK2	CDK4 INHIBITOR	0.1458181528740571	GuideToPharmacology
CDK2	INDOLE-3-CARBINOL	0.1458181528740571	NCI
CDK2	CHEMBL:CHEMBL373822	0.8749089172443426	DTC
CDK2	SU9516	0.05832726114962283	ChEMBL; GuideToPharmacology
CDK2	MK-8776	0.2187272293110856	GuideToPharmacology
CDK2	JNK INHIBITOR VIII	0.06249349408888161	DTC
CDK2	AR-AO-14418	0.07290907643702856	DTC
CDK2	ZOTIRACICLIB	0.1822726910925713	DTC; TTD; ChEMBL; GuideToPharmacology
CDK2	RECOMBINANT TRANSFORMING GROWTH FACTOR-BETA 1	0.04166232939258774	NCI
CDK2	CYC-116	0.004509839779610013	DTC
CDK2	RECOMBINANT HEPATOCYTE GROWTH FACTOR	0.08749089172443425	NCI
CDK2	UCN-01	0.0273409036638857	ChEMBL
CDK2	OLOMOUCINE	0.1093636146555428	DTC
CDK2	BMS-387032	0.08749089172443425	ChEMBL; CancerCommons; GuideToPharmacology
CDK2	O-CHLOROACETYLCARBAMOYLFUMAGILLOL	0.2916363057481142	NCI
CDK2	CDK INHIBITOR AT7519	0.8749089172443426	TdgClinicalTrial; TTD
CDK2	COMPOUND 9B [PMID: 18986805]	0.1093636146555428	GuideToPharmacology
CDK2	COMPOUND 5G [PMID: 36385925]	0.2187272293110856	GuideToPharmacology
CDK2	AT-7519	0.08332465878517548	ChEMBL; DTC; GuideToPharmacology
CDK2	CGP74514A	0.07290907643702856	GuideToPharmacology
CDK2	ALSTERPAULLONE	0.008749089172443426	DTC
CDK2	ISTISOCICLIB	0.2187272293110856	GuideToPharmacology
CDK2	CULMERCICLIB	0.1458181528740571	GuideToPharmacology
CDK2	BOHEMINE	0.2187272293110856	GuideToPharmacology
CDK2	SELICICLIB	0.2355524007965538	DTC; TdgClinicalTrial; TTD; ChEMBL; MyCancerGenome; GuideToPharmacology
CDK2	MILCICLIB	0.2734090366388571	GuideToPharmacology; DTC; ChEMBL; TTD
CDK2	CARBOPLATIN	0.009942146786867528	CIViC
CDK2	BMS-345541	0.04374544586221712	DTC
CDK2	CDK2 INHIBITOR III	0.2187272293110856	GuideToPharmacology
CDK2	CHEMBL:CHEMBL557670	0.8749089172443426	DTC
CDK2	CENISERTIB	0.003803951814105837	DTC
CDK2	RALTITREXED	0.1749817834488685	NCI
CDK2	PACLITAXEL PROTEIN-BOUND	0.007477853993541389	NCI
CDK2	RECOMBINANT INTERLEUKIN-6	0.04860605095801904	NCI
CDK2	AZD5438	0.06249349408888161	GuideToPharmacology; ChEMBL; TTD
CDK2	PF-562271	0.004206292871367032	DTC
CDK2	SP-600125	0.004915218636204172	DTC
CDK2	TANUXICICLIB	0.08749089172443425	GuideToPharmacology
CDK2	AG-24322	0.1458181528740571	ChEMBL
CDK2	BS-194	0.07290907643702856	GuideToPharmacology
CDK2	ALVOCIDIB	0.1166545222992456	ChEMBL; MyCancerGenome; TdgClinicalTrial; GuideToPharmacology
CDK2	BX-912	0.08749089172443425	GuideToPharmacology
CDK2	PROTEIN PHOSPHATASE INHIBITOR	0.1749817834488685	NCI
CDK2	RG-1530	0.005086679751420596	DTC
CDK2	BX-795	0.04860605095801904	GuideToPharmacology
CDK2	LOVASTATIN	0.02430302547900952	NCI
CDK2	CHEMBL:CHEMBL365617	0.05468180732777141	DTC
CDK2	SNS-032	0.2916363057481142	TdgClinicalTrial; TTD
CDK2	CDK4 INHIBITOR II	0.2187272293110856	GuideToPharmacology
CDK2	THERAPEUTIC ANDROSTANOLONE	0.04604783774970224	NCI
CDK2	JNJ-7706621	0.008412585742734064	GuideToPharmacology
CDK2	TAGTOCICLIB	0.4374544586221713	GuideToPharmacology
CDK2	LY2090314	0.01682517148546812	DTC
CDK2	R547	0.1749817834488685	GuideToPharmacology; ChEMBL
CDK2	ALOISINE	0.1458181528740571	GuideToPharmacology
CDK2	ERIBULIN	0.1093636146555428	CIViC
CDK2	ASNUCICLIB	0.1093636146555428	GuideToPharmacology
CDK2	CDK4 INHIBITOR III	0.1458181528740571	GuideToPharmacology
CDK2	BMS-265246	0.2187272293110856	GuideToPharmacology
CDK2	(RS)-ROSCOVITINE	0.03365034297093625	DTC
CDK2	CHEMBL:CHEMBL379975	0.009942146786867528	DTC
CDK2	RGB-286638	0.06730068594187251	GuideToPharmacology; TTD
CDK2	THERAPEUTIC GLUCOCORTICOID	0.02573261521306889	NCI
CDK2	AZD8421	0.4374544586221713	GuideToPharmacology
CDK2	ACETAMINOPHEN	0.01749817834488685	NCI
CDK2	CHEMBL:CHEMBL402915	0.8749089172443426	DTC
CDK2	BRYOSTATIN 1	0.1249869881777632	NCI
CDK2	COMPOUND 8 [PMID: 17480064]	0.006529171024211512	DTC
CDK2	VORUCICLIB	0.02916363057481141	GuideToPharmacology
CDK2	VUSTANACICLIB	0.1458181528740571	GuideToPharmacology
CDK2	BS-181	0.2187272293110856	GuideToPharmacology
CDK2	RGB-286638	0.07290907643702856	ChEMBL
CDK2	PHA-793887	0.02083116469629387	ChEMBL
CDK2	DAUNORUBICIN HYDROCHLORIDE	0.07290907643702856	NCI
CDK2	PHA-793887	0.1458181528740571	TTD
CDK2	AMINOPURVALANOL A	0.07290907643702856	GuideToPharmacology
CDK2	FADRACICLIB	0.1093636146555428	TTD
CDK2	VTX-11E	0.08749089172443425	GuideToPharmacology
CDK2	EBVACICLIB	0.1458181528740571	GuideToPharmacology
CDK2	GW441756X	0.006730068594187251	DTC
CDK2	CHEMBL:CHEMBL578061	0.01749817834488685	DTC
CDK2	CDK2 INHIBITOR IV	0.05468180732777141	GuideToPharmacology
CDK2	GSK269962A	0.009509879535264592	DTC
CDK2	6-PHENYL[5H]PYRROLO[2,3-B]PYRAZINE	0.1093636146555428	GuideToPharmacology
CDK2	RO3306	0.1458181528740571	GuideToPharmacology
CDK2	COMPOUND 17 [PMID: 38325398]	0.4374544586221713	GuideToPharmacology
CDK2	QR-6401	0.2187272293110856	GuideToPharmacology
CDK2	CHEMBL:CHEMBL494107	0.8749089172443426	DTC
CDK2	(7S)-2-(2-AMINOPYRIMIDIN-4-YL)-7-(2-FLUOROETHYL)-1,5,6,7-TETRAHYDRO-4H-PYRROLO[3,2-C]PYRIDIN-4-ONE	0.06249349408888161	GuideToPharmacology
CDK2	MKC-1	0.03976858714747011	TTD
CDK2	THAL-SNS-032	0.1093636146555428	GuideToPharmacology
CDK2	RESVERATROL	0.05146523042613779	NCI
CDK2	KENPAULLONE	0.009307541672812156	DTC
CDK2	SAMURACICLIB	0.1093636146555428	GuideToPharmacology
CDK2	KINASE INHIBITOR 2 [PMID: 30199702]	0.07290907643702856	GuideToPharmacology
CDK2	FADRACICLIB	0.2187272293110856	GuideToPharmacology
CDK2	LAPACHONE	0.1749817834488685	NCI
CDK2	K-00546	0.1458181528740571	GuideToPharmacology
CDK2	RONICICLIB	0.1312363375866513	TTD; GuideToPharmacology; CancerCommons
CDK2	G&OUML; 6976	0.009509879535264592	DTC
CDK2	DEXAMETHASONE	0.01054107129210051	NCI
CDK2	HYDROGEN PEROXIDE	0.02133924188400835	NCI
CDK2	TRILACICLIB	0.07290907643702856	GuideToPharmacology
CDK2	DINACICLIB	0.4374544586221713	MyCancerGenome; GuideToPharmacology; MyCancerGenomeClinicalTrial; ChEMBL; CancerCommons; ClearityFoundationClinicalTrial; DTC
CDK2	BAY 61-3606	0.01093636146555428	DTC
CDK2	LAUROGUADINE	0.0156233735222204	DTC
CDK2	PURVALANOL A	0.1458181528740571	GuideToPharmacology
CDK2	PURVALANOL B	0.1093636146555428	GuideToPharmacology
CDK2	TNF-ALPHA	0.03645453821851428	NCI
CDK2	TAMATINIB	0.005400672328668782	DTC
CDK2	RONICICLIB	0.02187272293110856	ChEMBL
CDK2	NVP-TAE684	0.004247130666234672	DTC
CDK2	COMPOUND 3 [PMID: 19097791]	0.2187272293110856	GuideToPharmacology
CDK2	CVT-6883	0.04374544586221712	DTC
CDK2	SOTRASTAURIN	0.007953717429494024	DTC
CDK2	CDK INHIBITOR 4.35	0.06249349408888161	GuideToPharmacology
CDK2	PURINE ANTAGONIST	1.312363375866513	NCI
CDK2	AZD-1080	0.02573261521306889	DTC
CDK2	LADUVIGLUSIB	0.03976858714747011	DTC
CDK2	CDK1/2/4 INHIBITOR AG-024322	0.1458181528740571	TTD
RICTOR	VISTUSERTIB	2.160489367072764	CIViC
RICTOR	AZD8055	1.260285464125779	MyCancerGenome; TALC
RICTOR	DACTOLISIB	0.1718571087444244	TALC
RICTOR	PLATINUM	1.008228371300623	PharmGKB
RICTOR	OSI-027	0.8401903094171862	MyCancerGenome
RICTOR	SAPANISERTIB	0.3600815611787941	MyCancerGenome
RICTOR	OSI-027	2.520570928251559	TALC
KAT2B	CHEMBL:CHEMBL416038	2.075764293854224	DTC
KAT2B	CHEMBL:CHEMBL1797709	6.227292881562674	DTC
KAT2B	CHEMBL:CHEMBL1797711	3.113646440781337	DTC
KAT2B	LTK-14	3.113646440781337	GuideToPharmacology
KAT2B	CHEMBL:CHEMBL1797707	2.075764293854224	DTC
KAT2B	PLUMBAGIN	0.2075764293854224	GuideToPharmacology
KAT2B	H3-COA-20	1.556823220390668	GuideToPharmacology
KAT2B	N-(3-AMINOPROPYL)-2-NITROBENZENAMINE	3.113646440781337	GuideToPharmacology
KAT2B	EPIGALLOCATECHIN GALLATE	0.1415293836718789	GuideToPharmacology
KAT2B	TRIAZOLAM	0.2075764293854224	DTC
KAT2B	CHEMBL:CHEMBL257748	2.075764293854224	DTC
KAT2B	ANACARDIC ACID	1.556823220390668	GuideToPharmacology
KAT2B	ANACARDIC ACID	1.245458576312534	DTC
KAT2B	CHEMBL:CHEMBL1797708	2.075764293854224	DTC
KAT2B	GARCINOL	1.556823220390668	GuideToPharmacology
KAT2B	CHEMBL:CHEMBL404916	4.670469661172005	DTC
KAT2B	LYS-COA	1.556823220390668	GuideToPharmacology
AURKB	COMPOUND 46 [PMID: 16451062]	0.290835107105949	GuideToPharmacology
AURKB	GSK2334470	0.09694503570198303	GuideToPharmacology
AURKB	BMS-754807	0.1454175535529745	DTC
AURKB	MK-5108	0.193890071403966	TTD
AURKB	BX-795	0.06463002380132202	GuideToPharmacology
AURKB	GSK1070916	0.9694503570198302	ChEMBL; TALC; MyCancerGenome; GuideToPharmacology; TTD
AURKB	XMD-12	0.193890071403966	GuideToPharmacology
AURKB	IBCASERTIB	0.1454175535529745	ChEMBL
AURKB	COMPOUND 10 [PMID: 19402633]	0.290835107105949	GuideToPharmacology
AURKB	IBCASERTIB	0.07270877677648727	GuideToPharmacology
AURKB	AURORA KINASE INHIBITOR AMG 900	0.1454175535529745	TTD
AURKB	CHEMBL:CHEMBL379975	0.01321977759572495	DTC
AURKB	WITHAFERIN A	0.09694503570198303	DTC
AURKB	CYC-116	0.01798980043954324	ChEMBL; DTC
AURKB	(3Z)-N,N-DIMETHYL-2-OXO-3-(4,5,6,7-TETRAHYDRO-1H-INDOL-2-YLMETHYLIDENE)-2,3-DIHYDRO-1H-INDOLE-5-SULFONAMIDE	0.02529000931356078	GuideToPharmacology
AURKB	JNJ-7706621	0.02237193131584223	DTC; GuideToPharmacology
AURKB	DASATINIB ANHYDROUS	0.007968085126190384	DTC
AURKB	BI-811283	1.745010642635694	ChEMBL; TTD
AURKB	LAPATINIB	0.02005759359351373	DTC
AURKB	CHEMBL:CHEMBL546797	0.01817719419412181	DTC
AURKB	NERVIANO	0.5816702142118981	DTC
AURKB	COPANLISIB	0.06122844360125243	CIViC
AURKB	TAK-901	0.5816702142118981	ChEMBL
AURKB	BARASERTIB	0.4230328830631986	TALC; GuideToPharmacology; DTC; CIViC; MyCancerGenome; ChEMBL
AURKB	CENISERTIB	0.005058001862712157	ChEMBL
AURKB	TAK-632	0.07270877677648727	GuideToPharmacology
AURKB	BARASERTIB-HQPA	0.1057582207657996	TTD; DTC; GuideToPharmacology
AURKB	KW-2449	0.2326680856847592	GuideToPharmacology; ChEMBL
AURKB	COMPOUND 25 [PMID: 20855207]	0.193890071403966	GuideToPharmacology
AURKB	AMG-900	0.5816702142118981	TALC; ClearityFoundationClinicalTrial; GuideToPharmacology; MyCancerGenome; ChEMBL
AURKB	CP-547632	0.01352721428399763	DTC
AURKB	SORAFENIB	0.005816702142118981	DTC
AURKB	EP-0042	0.193890071403966	GuideToPharmacology
AURKB	ZM447439	0.06843178990728213	DTC; GuideToPharmacology
AURKB	HESPERADIN	0.02181263303294618	GuideToPharmacology; DTC
AURKB	BAY 61-3606	0.01454175535529745	DTC
AURKB	GSK269962A	0.01264500465678039	DTC
AURKB	TOZASERTIB	0.05816702142118981	GuideToPharmacology; DTC; ChEMBL; TALC; TdgClinicalTrial
AURKB	AT9283	0.2115164415315993	TdgClinicalTrial; TTD; MyCancerGenome; TALC
AURKB	PF-03814735	0.5816702142118981	MyCancerGenome; TALC
AURKB	TOZASERTIB LACTATE	0.193890071403966	TTD
AURKB	SNS-314	0.013849290814569	ChEMBL
AURKB	PD166285	0.01077167063355366	DTC
AURKB	MK-5108	0.193890071403966	GuideToPharmacology
AURKB	GSK2646264	0.07270877677648727	GuideToPharmacology
AURKB	DACTOLISIB	0.01321977759572495	DTC
AURKB	GW441756X	0.008948772526336895	DTC
AURKB	MK-6592	0.193890071403966	ChEMBL
AURKB	VANDETANIB	0.01038696811092675	DTC
AURKB	G&OUML; 6976	0.01264500465678039	DTC
AURKB	NIK INHIBITOR 12F	0.08309574488741402	GuideToPharmacology
AURKB	AR-AO-14418	0.09694503570198303	DTC
AURKB	ILORASERTIB	0.0221588653033104	ChEMBL; TTD; GuideToPharmacology; DTC
AURKB	VIC 1911	0.290835107105949	GuideToPharmacology
AURKB	DUBERMATINIB	0.09694503570198303	GuideToPharmacology
AURKB	DOVITINIB	0.006391980375954924	DTC
AURKB	KENPAULLONE	0.01237596200450847	DTC
AURKB	COMPOUND 1 [PMID: 21742770]	0.290835107105949	GuideToPharmacology
AURKB	PF-03814735	0.290835107105949	ChEMBL
AURKB	SP-600125	0.01307124076880669	DTC
AURKB	AT-9283	0.09694503570198303	GuideToPharmacology
AURKB	FASUDIL	0.02154334126710733	DTC
AURKB	EUPATORIN	0.09694503570198303	DTC
AURKB	CHEMBL:CHEMBL535331	0.06463002380132202	DTC
AURKB	LAS38096	0.05287911038289983	DTC
AURKB	COMPOUND 38 [PMID: 20817473]	0.1454175535529745	GuideToPharmacology
AURKB	LINIFANIB	0.008309574488741402	DTC
AURKB	ENMD-2076	0.02326680856847592	ChEMBL
AURKB	AURORA B/C KINASE INHIBITOR GSK1070916A	0.290835107105949	TTD
AURKB	AURORA KINASE INHIBITOR II	0.290835107105949	GuideToPharmacology
AURKB	NVP-TAE684	0.005647283633125224	DTC
AURKB	CEDIRANIB	0.011870820698202	DTC
AURKB	BMS-345541	0.05816702142118981	DTC
AURKB	AT-9283	0.09694503570198303	ChEMBL
AURKB	CDK2 INHIBITOR IV	0.07270877677648727	GuideToPharmacology
AURKB	CYC116	0.4362526606589235	TTD; TALC; TdgClinicalTrial
AURKB	TAK-901	0.5816702142118981	TTD
AURKB	ENTRECTINIB	0.01020474060020873	DTC
AURKB	ALISERTIB	0.03712788601352541	DTC; CIViC
AURKB	PAZOPANIB	0.011870820698202	DTC
AURKB	ERLOTINIB	0.01020474060020873	DTC
AURKB	SNS-314	0.5816702142118981	MyCancerGenome; TdgClinicalTrial; TTD
AURKB	SNS-314	0.290835107105949	GuideToPharmacology
AURKB	DANUSERTIB	0.4847251785099151	ChEMBL; TTD; MyCancerGenome; GuideToPharmacology; TALC
AURKB	BELUMOSUDIL	0.05816702142118981	DTC
AURKB	TTP-607	0.193890071403966	ChEMBL
AURKB	MLN-8054	0.06463002380132202	GuideToPharmacology; DTC
AURKB	BI-847325	0.1454175535529745	TTD; MyCancerGenome
AURKB	CENISERTIB	0.290835107105949	TTD; MyCancerGenome; GuideToPharmacology; TdgClinicalTrial; TALC
AURKB	PF-562271	0.005592982828960559	DTC
AURKB	TINENGOTINIB	0.08309574488741402	GuideToPharmacology
PLK1	OLEIC ACID	0.02532631076233623	DTC
PLK1	CHEMBL:CHEMBL171699	0.02785894183856985	DTC
PLK1	CHEMBL:CHEMBL467987	0.04643156973094976	DTC
PLK1	PHOSMET	0.05571788367713971	DTC
PLK1	CHEMBL:CHEMBL565893	0.04643156973094976	DTC
PLK1	POLO-LIKE KINASE 1 INHIBITOR GSK461364	0.4178841275785478	TTD; TALC; MyCancerGenome
PLK1	PROTOPORPHYRIN	0.01326616278027136	DTC
PLK1	CHEMBL:CHEMBL1412002	0.06964735459642464	DTC
PLK1	CHEMBL:CHEMBL523200	0.01638761284621756	DTC
PLK1	SCLEROTIORIN	0.02785894183856985	DTC
PLK1	(4-CHLOROPHENYL)(MORPHOLINO)METHANETHIONE	0.06964735459642464	DTC
PLK1	CHEMBL:CHEMBL24983	0.0185726278923799	DTC
PLK1	EMBELIN	0.01989924417040704	DTC
PLK1	CHEMBL:CHEMBL175266	0.01989924417040704	DTC
PLK1	NMS-1286937	0.5571788367713971	MyCancerGenome; TTD
PLK1	ANTISENSE OLIGONUCLEOTIDES	0.01688420717489082	NCI
PLK1	CHEMBL:CHEMBL1310701	0.04643156973094976	DTC
PLK1	CHEMBL:CHEMBL534535	0.06964735459642464	DTC
PLK1	CHEMBL:CHEMBL599712	0.1392947091928492	DTC
PLK1	COMPOUND 8 [PMID: 17480064]	0.004158051020682068	DTC
PLK1	BI-2536	0.3343073020628382	MyCancerGenome; DTC; GuideToPharmacology; TALC; ChEMBL
PLK1	CHEMBL:CHEMBL1426508	0.05571788367713971	DTC
PLK1	CHEMBL:CHEMBL590665	0.09286313946189953	DTC
PLK1	CHEMBL:CHEMBL122355	0.03979848834081408	DTC
PLK1	ONVANSERTIB	0.2228715347085588	GuideToPharmacology; TALC; ChEMBL; TTD
PLK1	CHEMBL:CHEMBL421431	0.2785894183856985	DTC
PLK1	MK-1496	0.2785894183856985	TTD
PLK1	ACID BLUE 129	0.01466260096766834	DTC
PLK1	CHEMBL:CHEMBL1519374	0.01741183864910616	DTC
PLK1	CHEMBL:CHEMBL1537417	0.03095437982063317	DTC
PLK1	RO3280	0.05571788367713971	GuideToPharmacology
PLK1	VOLASERTIB	0.2785894183856985	TALC; TTD; MyCancerGenome; ChEMBL; GuideToPharmacology
PLK1	CHEMBL:CHEMBL528373	0.2785894183856985	DTC
PLK1	CHEMBL:CHEMBL119878	0.03979848834081408	DTC
PLK1	CHEMBL:CHEMBL538798	0.02785894183856985	DTC
PLK1	CRYPTOTANSHINONE	0.01989924417040704	DTC
PLK1	ACITRETIN	0.01741183864910616	DTC
PLK1	RIGOSERTIB	0.06964735459642464	TdgClinicalTrial; TTD
PLK1	MLN0905	0.2785894183856985	GuideToPharmacology
PLK1	GW853606	0.2785894183856985	GuideToPharmacology
PLK1	CEFAMANDOLE SODIUM	0.01989924417040704	DTC
PLK1	OXYTETRACYCLINE ANHYDROUS	0.01392947091928492	DTC
PLK1	CHEMBL:CHEMBL588749	0.2785894183856985	DTC
PLK1	CHEMBL:CHEMBL1310138	0.02532631076233623	DTC
PLK1	CHEMBL:CHEMBL585628	0.04643156973094976	DTC
PLK1	1,4-DIMETHOXYANTHRAQUINONE	0.02785894183856985	DTC
PLK1	CHEMBL:CHEMBL1232076	0.05571788367713971	DTC
PLK1	PURPURIN	0.01326616278027136	DTC
PLK1	XY-06-007	0.1392947091928492	GuideToPharmacology
PLK1	CHEMBL:CHEMBL530149	0.09286313946189953	DTC
PLK1	EBSELEN	0.007959697668162817	DTC
PLK1	STAVUDINE	0.02142995526043835	DTC
PLK1	GSK579289A	0.1392947091928492	GuideToPharmacology
PLK1	PLOGOSERTIB	0.2785894183856985	GuideToPharmacology
PLK1	CHEMBL:CHEMBL1306556	0.04643156973094976	DTC
PLK1	CHEMBL:CHEMBL1605629	0.09286313946189953	DTC
PLK1	CHEMBL:CHEMBL592314	0.09286313946189953	DTC
PLK1	FLUORESCEIN DIACETATE	0.09286313946189953	DTC
PLK1	CHEMBL:CHEMBL585279	0.2785894183856985	DTC
PLK1	GW843682X	0.007143318420146118	DTC
PLK1	THIRAM	0.01211258340807385	DTC
PLK1	FLUPIRTINE MALEATE	0.02142995526043835	DTC
PLK1	CHEMBL:CHEMBL585654	0.05571788367713971	DTC
PLK1	CHEMBL:CHEMBL587449	0.09286313946189953	DTC
PLK1	CHEMBL:CHEMBL1363249	0.04643156973094976	DTC
PLK1	CHEMBL:CHEMBL1255944	0.03095437982063317	DTC
PLK1	SIMVASTATIN	0.005571788367713971	DTC
PLK1	DISULFIRAM	0.006794863863065819	DTC
PLK1	CHEMBL:CHEMBL1362503	0.02532631076233623	DTC
PLK1	CHEMBL:CHEMBL184450	0.01989924417040704	DTC
PLK1	CHEMBL:CHEMBL602969	0.02321578486547488	DTC
PLK1	CEPHALOCHROMIN	0.01466260096766834	DTC
PLK1	CHEMBL:CHEMBL1503729	0.03095437982063317	DTC
PLK1	IDARUBICIN HYDROCHLORIDE	0.01989924417040704	DTC
PLK1	CHEMBL:CHEMBL1451216	0.01638761284621756	DTC
PLK1	CHEMBL:CHEMBL577365	0.2785894183856985	DTC
PLK1	CHEMBL:CHEMBL462861	0.09286313946189953	DTC
PLK1	CHEMBL:CHEMBL527584	0.02321578486547488	DTC
PLK1	CHEMBL:CHEMBL515505	0.01211258340807385	DTC
PLK1	BENSERAZIDE HYDROCHLORIDE	0.01741183864910616	DTC
PLK1	CHEMBL:CHEMBL584619	0.2785894183856985	DTC
PLK1	PURPUROGALLIN	0.007738594955158294	DTC
PLK1	TOSUFLOXACIN TOSYLATE	0.09286313946189953	DTC
PLK1	CHEMBL:CHEMBL84281	0.2785894183856985	DTC
PLK1	CHEMBL:CHEMBL223575	0.06964735459642464	DTC
PLK1	CHEMBL:CHEMBL1547715	0.2785894183856985	DTC
PLK1	MK-1496	0.2785894183856985	ChEMBL
PLK1	CHLORPYRIFOS	0.05571788367713971	DTC
PLK1	GSK-461364A	0.5571788367713971	GuideToPharmacology; ChEMBL
PLK1	GUTHION	0.02321578486547488	DTC
PLK1	6-CHLORONICOTINIC ACID	0.2785894183856985	DTC
PLK1	CHEMBL:CHEMBL548629	0.1392947091928492	DTC
PLK1	NANAOMYCIN	0.02142995526043835	DTC
PLK1	CEFACLOR ANHYDROUS	0.01638761284621756	DTC
PLK1	CHEMBL:CHEMBL151797	0.05571788367713971	DTC
PLK1	CHEMBL:CHEMBL1701915	0.03979848834081408	DTC
PLK1	OXYPHENBUTAZONE	0.02532631076233623	DTC
PLK1	PENTABROMOPHENOL	0.02142995526043835	DTC
PLK1	CHEMBL:CHEMBL118678	0.04643156973094976	DTC
PLK1	AROTINOID ACID	0.01989924417040704	DTC
PLK1	COMPOUND 2 [PMID: 19097784]	0.2785894183856985	GuideToPharmacology
PLK1	CHEMBL:CHEMBL118378	0.1392947091928492	DTC
PLK1	PHYSODIC ACID	0.02785894183856985	DTC
PLK1	NVP-TAE684	0.002704751634812607	DTC
PLK1	CHEMBL:CHEMBL1459280	0.04643156973094976	DTC
PLK1	CHEMBL:CHEMBL582478	0.03482367729821232	DTC
PLK1	CHEMBL:CHEMBL1287980	0.03979848834081408	DTC
PLK1	CHEMBL:CHEMBL297304	0.0185726278923799	DTC
PLK1	CHEMBL:CHEMBL599924	0.01741183864910616	DTC
PLK1	HAEMATOXYLIN	0.01071497763021917	DTC
PLK1	CAFUSERTIB	0.2785894183856985	ChEMBL
PLK1	LANSOPRAZOLE	0.01071497763021917	DTC
PLK1	THIOGUANOSINE	0.05571788367713971	DTC
PLK1	LIPID ENCAPSULATED ANTI-PLK1 SIRNA TKM-PLK1	0.2785894183856985	TdgClinicalTrial
PLK1	AMBUNOL	0.05571788367713971	DTC
PLK1	CHEMBL:CHEMBL1271059	0.09286313946189953	DTC
PLK1	LOBARIC ACID	0.0185726278923799	DTC
PLK1	PENTOSALEN	0.1392947091928492	DTC
PLK1	LOMOFUNGIN	0.0185726278923799	DTC
PLK1	EUFLAVINE	0.01741183864910616	DTC
PLK1	CHEMBL:CHEMBL592558	0.06964735459642464	DTC
PLK1	HEXACHLOROPHENE	0.006794863863065819	DTC
PLK1	GYROPHORIC ACID	0.1392947091928492	DTC
PLK1	CHEMBL:CHEMBL602807	0.03482367729821232	DTC
PLK1	BENZBROMARONE	0.01638761284621756	DTC
PLK1	WNY0824	0.05571788367713971	GuideToPharmacology
PLK1	PYRONIN Y	0.01547718991031658	DTC
PLK1	CHEMBL:CHEMBL1707907	0.06964735459642464	DTC
PLK1	APOMORPHINE HYDROCHLORIDE	0.01326616278027136	DTC
PLK1	CHEMBL:CHEMBL374632	0.02532631076233623	DTC
PLK1	HYDROXYZINE PAMOATE	0.02785894183856985	DTC
PLK1	INAMRINONE	0.01547718991031658	DTC
PLK1	ELLAGIC ACID	0.009949622085203521	DTC
PLK1	TOPOTECAN HYDROCHLORIDE	0.02532631076233623	DTC
PLK1	ERYTHROMYCIN	0.01211258340807385	DTC
PLK1	CEFSULODIN SODIUM	0.03482367729821232	DTC
PLK1	CHEMBL:CHEMBL125044	0.03095437982063317	DTC
PLK1	CHEMBL:CHEMBL1486366	0.03095437982063317	DTC
PLK1	CHEMBL:CHEMBL599957	0.1392947091928492	DTC
PLK1	VANITIOLIDE	0.09286313946189953	DTC
PLK1	CHEMBL:CHEMBL103583	0.03482367729821232	DTC
PLK1	2,6-DIMETHOXYQUINONE	0.03979848834081408	DTC
PLK1	GW7647	0.009606531668472366	DTC
PLK1	CHEMBL:CHEMBL121556	0.09286313946189953	DTC
PLK1	COMPOUND 6 [PMID: 30125504]	0.1392947091928492	GuideToPharmacology
PLK1	OXIDOPAMINE HYDROCHLORIDE	0.01638761284621756	DTC
PLK1	CHEMBL:CHEMBL555260	0.1392947091928492	DTC
PLK1	CHEMBL:CHEMBL116548	0.02321578486547488	DTC
PLK1	CHEMBL:CHEMBL495852	0.1392947091928492	DTC
PLK1	SLAZINIC ACID	0.01326616278027136	DTC
PLK1	SENNOSIDE B	0.01741183864910616	DTC
PLK1	PYROGALLOL RED	0.01114357673542794	DTC
PLK1	DUAL BRD4/PLK1 INHIBITOR 23	0.1392947091928492	GuideToPharmacology
PLK1	RG-1530	0.003239411841694169	DTC
PLK1	THIMEROSAL	0.01211258340807385	DTC
PLK1	CHEMBL:CHEMBL1489812	0.05571788367713971	DTC
PLK1	CHEMBL:CHEMBL582764	0.1392947091928492	DTC
PLK1	WORTMANNIN	0.02932520193533669	NCI
PLK1	PROROXAN HYDROCHLORIDE	0.03979848834081408	DTC
PLK1	CHEMBL:CHEMBL429095	0.005571788367713971	DTC
PLK1	2,4-DIHYDROXYBENZOPHENONE	0.04643156973094976	DTC
PLK1	OMEPRAZOLE	0.008193806423108782	DTC
PLK1	PENTACHLOROPHENOL	0.01989924417040704	DTC
PLK1	LITHOCHOLIC ACID	0.02532631076233623	DTC
PLK1	CHEMBL:CHEMBL535051	0.2785894183856985	DTC
PLK1	DIFFRACTAIC ACID	0.1392947091928492	DTC
PLK1	SUCCIMER	0.03979848834081408	DTC
PLK1	SOTRASTAURIN	0.005065262152467247	DTC
PLK1	CHEMBL:CHEMBL164449	0.1392947091928492	DTC
PLK1	AMORFRUTIN A	0.06964735459642464	DTC
PLK1	CHEMBL:CHEMBL1871992	0.2785894183856985	DTC
PLK1	4-CHLOROMERCURIBENZOIC ACID	0.009949622085203521	DTC
PLK1	DIPYRIDAMOLE	0.005462537615405855	DTC
PLK1	TRITIOZINE	0.1392947091928492	DTC
PLK1	3,5-DIPHENYLISOXAZOLE	0.06964735459642464	DTC
PLK1	TAK-960	0.5571788367713971	ChEMBL; TTD
PLK1	MYRICETIN	0.006478823683388339	DTC
PLK1	CHEMBL:CHEMBL599255	0.03095437982063317	DTC
PLK1	BETUNOLIC ACID	0.2785894183856985	DTC
PLK1	CHEMBL:CHEMBL592124	0.00898675543179673	DTC
PLK1	CHEMBL:CHEMBL274921	0.06964735459642464	DTC
PLK1	CHEMBL:CHEMBL505670	0.007959697668162817	DTC
PLK1	BI 2536	0.2785894183856985	TTD
PLK1	IMIDACLOPRID	0.2785894183856985	DTC
PLK1	HMN-214	0.1392947091928492	ChEMBL
PLK1	CHEMBL:CHEMBL599098	0.03482367729821232	DTC
PLK1	ALPHAPRODINE HYDROCHLORIDE	0.2785894183856985	DTC
PLK1	CHEMBL:CHEMBL388979	0.04643156973094976	DTC
PLK1	CHEMBL:CHEMBL1224755	0.02532631076233623	DTC
PLK1	N-OLEOYLDOPAMINE	0.01547718991031658	DTC
DEPTOR	AZD8055	1.470333041480076	MyCancerGenome
DEPTOR	OSI-027	1.960444055306768	MyCancerGenome
DEPTOR	SAPANISERTIB	0.8401903094171862	MyCancerGenome
BRCA2	CARBOPLATIN	0.06331577690584059	CIViC
BRCA2	OLAPARIB	1.709525976457695	OncoKB; CGI; PharmGKB; CIViC; ClearityFoundationBiomarkers
BRCA2	TALAZOPARIB	0.629072880225771	ClearityFoundationBiomarkers; CIViC; OncoKB; PharmGKB
BRCA2	NIRAPARIB	0.5223551594731848	ClearityFoundationBiomarkers; PharmGKB; OncoKB
BRCA2	RUCAPARIB	1.044710318946369	PharmGKB; CIViC; CGI; ClearityFoundationBiomarkers; OncoKB
BRCA2	QUARFLOXIN	1.85726278923799	CIViC
BRCA2	CISPLATIN	0.08341000550470017	CIViC; CGI
BRCA2	VELIPARIB	0.9286313946189954	ClearityFoundationBiomarkers; CGI; CIViC
BRCA2	BOSUTINIB	0.2785894183856985	CIViC
BRCA2	PLATINUM COMPOUND	1.044710318946369	CIViC
BRCA2	TEMOZOLOMIDE	0.2532631076233623	CIViC
BRCA2	ENZALUTAMIDE	0.371452557847598	CIViC
BRCA2	DASATINIB ANHYDROUS	0.07632586805087632	CIViC
BRCA2	GEMCITABINE	0.06878751071251817	CIViC
BRCA2	PIDNARULEX	2.785894183856986	CIViC
BRCA2	SACITUZUMAB GOVITECAN	0.3482367729821232	PharmGKB
BRCA2	CEDIRANIB	0.1137099666880402	CIViC
BRCA2	INIPARIB	2.785894183856986	CIViC
BRCA2	PARP/TANKYRASE INHIBITOR 2X-121	0.4643156973094977	ClearityFoundationBiomarkers
RAD51	AMUVATINIB	15.12342556950935	TALC; TdgClinicalTrial
RPTOR	AZD8055	0.9802220276533838	TALC; MyCancerGenome
RPTOR	EVEROLIMUS	0.3360761237668744	PharmGKB
RPTOR	OSI-027	1.960444055306767	TALC
RPTOR	SIROLIMUS	0.1031812660687772	TALC
RPTOR	TEMSIROLIMUS	0.420095154708593	TALC
RPTOR	INDOXIMOD	1.960444055306767	ChEMBL
RPTOR	SAPANISERTIB	0.2800634364723953	MyCancerGenome
RPTOR	OSI-027	0.6534813517689226	MyCancerGenome
RPTOR	DACTOLISIB	0.1336666401345523	TALC
H2AX	ACETYLCYSTEINE	1.411519719820872	NCI
H2AX	METHADONE HYDROCHLORIDE	0.6415998726458513	PharmGKB
H2AX	TEMOZOLOMIDE	0.9623998089687769	NCI
H2AX	TESTOSTERONE	0.5428921999311049	NCI
H2AX	DOXORUBICIN HYDROCHLORIDE	0.1275469626344162	NCI
EXO1	CAPECITABINE	0.6415998726458513	PharmGKB
EXO1	PEMETREXED DISODIUM	1.470333041480076	PharmGKB
EXO1	FLUOROURACIL	0.2778582125631639	PharmGKB
MLST8	AZD8055	1.102749781110056	MyCancerGenome
MLST8	INDOXIMOD	4.410999124440227	ChEMBL
MLST8	OSI-027	1.470333041480076	MyCancerGenome
MLST8	SAPANISERTIB	0.6301427320628896	MyCancerGenome
PARP1	NIRAPARIB	0.5385522186816557	GuideToPharmacology; TALC; ChEMBL; TTD; MyCancerGenome; ClearityFoundationClinicalTrial; TdgClinicalTrial
PARP1	VELIPARIB	0.7180696249088743	MyCancerGenomeClinicalTrial; ClearityFoundationClinicalTrial; MyCancerGenome; TTD; TALC; ChEMBL; CancerCommons
PARP1	4-[3-(1,4-DIAZEPAN-1-YLCARBONYL)-4-FLUOROBENZYL]PHTHALAZIN-1(2H)-ONE	2.461952999687569	DTC; GuideToPharmacology; TTD
PARP1	PAMIPARIB	0.7385858999062705	TTD; ChEMBL; GuideToPharmacology
PARP1	OLAPARIB	0.3636976022265726	TALC; TTD; ChEMBL; MyCancerGenomeClinicalTrial; DTC; MyCancerGenome; ClearityFoundationClinicalTrial; GuideToPharmacology; CIViC
PARP1	COMPOUND 5 [TOMASSI ET AL., 2020]	0.3077441249609461	GuideToPharmacology
PARP1	COMPOUND 9 [LIN ET AL., 2023]	1.230976499843784	GuideToPharmacology
PARP1	INIPARIB	2.461952999687569	TdgClinicalTrial; TTD; TALC; MyCancerGenome
PARP1	AZ1366	0.3077441249609461	GuideToPharmacology
PARP1	DUAL VEGFR/PARP INHIBITOR 14B	0.6154882499218922	GuideToPharmacology
PARP1	NIACIN	0.08206509998958562	TTD
PARP1	2X-121	0.6154882499218922	TTD; ChEMBL
PARP1	AMELPARIB DIHYDROCHLORIDE DIHYDRATE	1.230976499843784	ChEMBL
PARP1	CEP-9722	1.230976499843784	TTD
PARP1	ORAL AZACITIDINE	0.6154882499218922	TTD
PARP1	RUCAPARIB PHOSPHATE	1.230976499843784	TALC
PARP1	AG14361	0.6154882499218922	GuideToPharmacology
PARP1	ME0328	0.6154882499218922	GuideToPharmacology
PARP1	SARUPARIB	0.6154882499218922	GuideToPharmacology
PARP1	SENAPARIB	0.6154882499218922	ChEMBL
PARP1	NIRAPARIB TOSYLATE	1.230976499843784	TTD
PARP1	TALAZOPARIB	0.158835677399198	GuideToPharmacology; TTD; ClearityFoundationClinicalTrial; ChEMBL
PARP1	PJ34	0.4103254999479281	GuideToPharmacology
PARP1	TALAZOPARIB TOSYLATE	0.6154882499218922	ChEMBL
PARP1	PARP1 INHIBITOR (S)-G9	0.6154882499218922	GuideToPharmacology
PARP1	NICARAVEN	1.230976499843784	TTD
PARP1	PARP-1/2 INHIBITOR ABT-767	1.230976499843784	TTD
PARP1	INO-1001	1.230976499843784	TTD
PARP1	BGP-15	0.6154882499218922	TTD
PARP1	RUCAPARIB	0.2564534374674551	GuideToPharmacology; TTD; MyCancerGenome; ChEMBL; ClearityFoundationClinicalTrial
PARP1	TRABECTEDIN	0.4923905999375137	CIViC
PARP1	VENADAPARIB	1.230976499843784	GuideToPharmacology
PARP1	FLUZOPARIB	1.230976499843784	GuideToPharmacology
PARP1	MC2050	0.3077441249609461	GuideToPharmacology
PARP1	PARP INHIBITOR E7016	1.230976499843784	TTD
PARP1	LERZEPARIB	1.230976499843784	GuideToPharmacology
PARP1	CICLOPIROX	1.230976499843784	GuideToPharmacology
PARP1	E-7016	0.4103254999479281	ChEMBL
PARP1	RUCAPARIB CAMSYLATE	0.4103254999479281	ChEMBL
PARP1	2X-121	0.6154882499218922	TTD
PARP1	PALACAPARIB	0.6154882499218922	GuideToPharmacology
PARP1	COMPOUND 10B [PMID: 26222319]	0.6154882499218922	GuideToPharmacology
PARP1	NIRAPARIB TOSYLATE MONOHYDRATE	0.6154882499218922	ChEMBL
CHEK2	AZD7762	0.5041141856503116	TALC; GuideToPharmacology
CHEK2	CDK INHIBITOR 4.35	0.180040780589397	GuideToPharmacology
CHEK2	RG-1530	0.01465448214099743	DTC
CHEK2	TALAZOPARIB	0.121963109431527	PharmGKB; CKB-CORE
CHEK2	DOVITINIB	0.013849290814569	DTC
CHEK2	CCT241533	0.6301427320628896	GuideToPharmacology
CHEK2	ILORASERTIB	0.0120027187059598	DTC
CHEK2	GEFITINIB	0.01826500672646056	DTC
CHEK2	DIMETHYLADENINE	0.1400317182361977	DTC
CHEK2	SNS-314	0.0300067967648995	DTC
CHEK2	PF-477736	0.6301427320628896	GuideToPharmacology
CHEK2	COMPOUND 25B [PMID: 22564207]	0.1575356830157224	GuideToPharmacology
CHEK2	GW441756X	0.0193890071403966	DTC
CHEK2	ENZALUTAMIDE	0.1680380618834372	CKB-CORE
CHEK2	CENISERTIB	0.01095900403587634	DTC
CHEK2	VEMURAFENIB	0.0741344390662223	CKB-CORE
CHEK2	PREXASERTIB	0.5041141856503116	ChEMBL; GuideToPharmacology
CHEK2	ISOGRANULATIMIDE	0.4200951547085931	GuideToPharmacology
CHEK2	FASUDIL	0.0466772394120659	DTC
CHEK2	MLN-8054	0.0466772394120659	DTC
CHEK2	SP-600125	0.01416051083287392	DTC
CHEK2	PALBOCICLIB	0.04582856233184652	CKB-CORE
CHEK2	PREDNISONE	0.02739751008969085	CKB-CORE
CHEK2	WITHAFERIN A	0.2100475773542965	DTC
CHEK2	CEDIRANIB	0.025720111512771	DTC
CHEK2	CCT245737	0.6301427320628896	GuideToPharmacology
CHEK2	CHEMBL:CHEMBL578061	0.05041141856503117	DTC
CHEK2	XL844	1.260285464125779	TTD; TdgClinicalTrial
CHEK2	ABIRATERONE ACETATE	0.09002039029469851	CKB-CORE
CHEK2	RUCAPARIB	0.1050237886771482	CKB-CORE
CHEK2	KENPAULLONE	0.02681458434310168	DTC
CHEK2	XL-844	0.6301427320628896	ChEMBL
CHEK2	PF-562271	0.01211812946274787	DTC
CHEK2	NVP-TAE684	0.01223578120510465	DTC
CHEK2	CYC-116	0.01299263365078122	DTC
CHEK2	BARASERTIB-HQPA	0.05728570291480814	DTC
CHEK2	NIRAPARIB	0.0787678415078612	CKB-CORE
CHEK2	CHK2 INHIBITOR II	1.260285464125779	GuideToPharmacology
CHEK2	OLAPARIB	0.2291428116592325	CIViC; CKB-CORE; CGI
CHEK2	7-HYDROXYSTAUROSPORINE	0.09694503570198303	GuideToPharmacology
CHEK2	ALSTERPAULLONE	0.02520570928251558	DTC
CHEK2	G&OUML; 6976	0.02739751008969085	DTC
