CellType_Major	mean_expr	median_expr	pct_nonzero	sd_expr	n_cells	gene
Malignant	0.23550258940026908	0	19.011254019292604	0.5560227155960565	2488	PLK1
CD8Tex	0.06056950970237671	0	2.9940119760479043	0.3572602133836314	501	PLK1
Mono/Macro	0.0461917459044622	0	4.545454545454546	0.2601190524034919	88	PLK1
CD4Tconv	0.032715424583014754	0	1.6786570743405276	0.27043228406828884	417	PLK1
Endothelial	0.02267774895026259	0	2.2304832713754648	0.1839569261640443	269	PLK1
Plasma	0.01676000376569871	0	2.7027027027027026	0.12358824218420075	148	PLK1
CD8T	0.01189080369918721	0	0.7556675062972292	0.1531818048623897	397	PLK1
Fibroblasts	0.008296276643285527	0	1.747311827956989	0.07981898155831323	744	PLK1
Myofibroblasts	0.0028608445780616953	0	0.5633802816901409	0.05288100402283074	710	PLK1
Mast	0	0	0	0	122	PLK1
Myocyte	0	0	0	0	18	PLK1
Malignant	0.356386462762258	0	48.31189710610933	0.5266019365659542	2488	CDK2
Endothelial	0.3344058828489661	0	47.21189591078067	0.6022889414567469	269	CDK2
Myofibroblasts	0.21785294121727589	0	23.943661971830984	0.5703082653219068	710	CDK2
Fibroblasts	0.17672226659366022	0	22.849462365591396	0.49090146750109226	744	CDK2
CD4Tconv	0.16836985657407175	0	17.74580335731415	0.5128799350425484	417	CDK2
CD8Tex	0.15126321821592162	0	17.16566866267465	0.5130532378707711	501	CDK2
Mast	0.11691628984748889	0	13.114754098360656	0.4476888695850356	122	CDK2
CD8T	0.08836316436953257	0	10.327455919395465	0.38446866235834587	397	CDK2
Mono/Macro	0.08343523892987562	0	20.454545454545457	0.29074969798479344	88	CDK2
Plasma	0.07657368655057031	0	10.81081081081081	0.3269959211192315	148	CDK2
Myocyte	0	0	0	0	18	CDK2
Malignant	0.1535680120202969	0	29.662379421221864	0.3364563641026251	2488	TOPBP1
Myocyte	0.14919863291647725	0	11.11111111111111	0.4791955407189033	18	TOPBP1
Endothelial	0.08823296046066802	0	11.524163568773234	0.3057631911863763	269	TOPBP1
CD8Tex	0.07441075868489354	0	8.982035928143713	0.3272487980594129	501	TOPBP1
CD4Tconv	0.07063476749481874	0	6.235011990407674	0.37825320462404927	417	TOPBP1
CD8T	0.06493284492482872	0	5.289672544080604	0.35460877211168007	397	TOPBP1
Mono/Macro	0.05324520635279434	0	7.954545454545454	0.2215595570992449	88	TOPBP1
Fibroblasts	0.045202411763345995	0	7.258064516129033	0.21242411141462922	744	TOPBP1
Mast	0.0316379617574238	0	4.098360655737705	0.22129568044724418	122	TOPBP1
Myofibroblasts	0.027283673788328102	0	4.084507042253521	0.18639047136040135	710	TOPBP1
Plasma	0.023924088195529384	0	2.7027027027027026	0.19811511567576867	148	TOPBP1
Malignant	0.1877943777910901	0	23.311897106109324	0.4340241529753775	2488	RAD51
CD8Tex	0.0696883167935312	0	14.171656686626747	0.34650874141812527	501	RAD51
CD4Tconv	0.04227739059612996	0	11.510791366906476	0.25590745359491096	417	RAD51
Plasma	0.03465723403159714	0	6.756756756756757	0.22828379336602483	148	RAD51
CD8T	0.030709157557328275	0	9.319899244332493	0.22814096626832336	397	RAD51
Mono/Macro	0.023234802601742887	0	5.681818181818182	0.13686851568235794	88	RAD51
Endothelial	0.02033866026241079	0	7.063197026022305	0.15129539401666908	269	RAD51
Fibroblasts	0.010871455699636642	0	6.048387096774194	0.08267523046210841	744	RAD51
Myofibroblasts	0.010788524920793562	0	5.070422535211268	0.11016469689901592	710	RAD51
Mast	0.006782386930308586	0	6.557377049180328	0.037312897833086875	122	RAD51
Myocyte	0	0	0	0	18	RAD51
Malignant	0.26895340693894404	0	35.36977491961415	0.4716392104448547	2488	FANCI
CD8Tex	0.12718252458086615	0	10.778443113772456	0.4723642435360554	501	FANCI
CD4Tconv	0.09634424550963168	0	8.393285371702639	0.41543248958247353	417	FANCI
CD8T	0.08316472934510254	0	8.816120906801007	0.3960626698203604	397	FANCI
Myocyte	0.08035680412194168	0	11.11111111111111	0.3169612423008476	18	FANCI
Mono/Macro	0.06608646477065408	0	9.090909090909092	0.26047671591330784	88	FANCI
Mast	0.05420984596448178	0	5.737704918032787	0.295083800277563	122	FANCI
Endothelial	0.04435394052431844	0	7.063197026022305	0.2698659343190229	269	FANCI
Plasma	0.03865898787276657	0	8.783783783783784	0.1925989738883081	148	FANCI
Fibroblasts	0.032562336541937194	0	5.241935483870968	0.19302366539367674	744	FANCI
Myofibroblasts	0.026292006078117866	0	4.507042253521127	0.19494846241460745	710	FANCI
CD8Tex	0.1688002505415357	0	19.36127744510978	0.5062885058122781	501	KAT2B
Myocyte	0.160325547991855	0	16.666666666666664	0.4329454559885667	18	KAT2B
Mono/Macro	0.14625921751920976	0	20.454545454545457	0.38067406181130115	88	KAT2B
CD8T	0.14559901584401486	0	12.090680100755668	0.5104879447889444	397	KAT2B
Mast	0.08471584389150012	0	9.01639344262295	0.31874719320863265	122	KAT2B
CD4Tconv	0.07849158068393883	0	9.832134292565947	0.3555429440882218	417	KAT2B
Endothelial	0.0450504136271651	0	7.806691449814126	0.23243965274976175	269	KAT2B
Plasma	0.03452744900876854	0	7.4324324324324325	0.190217984188182	148	KAT2B
Fibroblasts	0.031469170895322716	0	4.56989247311828	0.1960746082748753	744	KAT2B
Malignant	0.02014498202118614	0	5.345659163987138	0.12297527249752063	2488	KAT2B
Myofibroblasts	0.02011364308741242	0	2.535211267605634	0.15939307107472228	710	KAT2B
Myocyte	1.1743886894165527	1.4489973304650876	66.66666666666666	1.0177270459781025	18	DEPTOR
Mast	0.2542110521473248	0	13.934426229508196	0.669657963794446	122	DEPTOR
Endothelial	0.10440842265285748	0	8.550185873605948	0.3937523267172225	269	DEPTOR
Mono/Macro	0.10112115667233995	0	12.5	0.35900363668560553	88	DEPTOR
Plasma	0.08977736586997595	0	5.405405405405405	0.42401739447687886	148	DEPTOR
Fibroblasts	0.06667246317588907	0	5.64516129032258	0.31728356861749824	744	DEPTOR
Malignant	0.059926427674621224	0	6.55144694533762	0.28123507551375665	2488	DEPTOR
CD4Tconv	0.032119871155418096	0	3.117505995203837	0.26021861092540227	417	DEPTOR
CD8T	0.011800319295803026	0	0.5037783375314862	0.16619788896242943	397	DEPTOR
Myofibroblasts	0.011060957411433606	0	1.1267605633802817	0.12020035872523348	710	DEPTOR
CD8Tex	0.003816923013991538	0	0.19960079840319359	0.08543429960305088	501	DEPTOR
