Gene	CellType	Rho	PValue	padj	Significance
PLK1	B cells naive	-0.0864610096057016	0.31508452949342813	0.5718200720436288	
PLK1	B cells memory	-0.0326864054816825	0.7045538729499198	0.8703312548204892	
PLK1	Plasma cells	0.10555347412151159	0.2196031293883516	0.4979367073763031	
PLK1	T cells CD8	-0.0070414471909865176	0.9349140100989007	0.9699808175193609	
PLK1	T cells CD4 naive	-0.040262917807647014	0.6404019739478528	0.8115438807787445	
PLK1	T cells CD4 memory resting	-0.06005591155026272	0.48572439425053937	0.686106662081963	
PLK1	T cells CD4 memory activated	0.17661741027068062	0.03896354656451548	0.19750487396495775	*
PLK1	T cells follicular helper	-0.0710944984363615	0.40905343967408003	0.6519386980405705	
PLK1	T cells regulatory (Tregs)	-0.17769712721551087	0.03776491646251422	0.19750487396495775	*
PLK1	T cells gamma delta	NA	NA	NA	
PLK1	NK cells resting	0.10657182837632898	0.21516218129039766	0.4979367073763031	
PLK1	NK cells activated	-0.02697922423228598	0.7543207049218449	0.8840170983767595	
PLK1	Monocytes	0.02399836575323722	0.7807359892229333	0.8937682563149588	
PLK1	Macrophages M0	-0.13113732701267047	0.12664583669475343	0.36503799988487756	
PLK1	Macrophages M1	0.2672709553587096	0.0015923494228768705	0.07802512172096665	**
PLK1	Macrophages M2	0.016956094091758044	0.8440923154403914	0.9123644880127759	
PLK1	Dendritic cells resting	-0.006816568772383583	0.9369882727057772	0.9699808175193609	
PLK1	Dendritic cells activated	7.955366597257138e-5	0.9992638558916367	0.9992638558916367	
PLK1	Mast cells resting	-0.028870964241063588	0.737700887987664	0.8840170983767595	
PLK1	Mast cells activated	0.04487795260867132	0.6025531438865392	0.7750291669097517	
PLK1	Eosinophils	0.050049427184007615	0.5613684310542648	0.7501923578634266	
PLK1	Neutrophils	0.04610431560426489	0.5926655540162885	0.7750291669097517	
CDK2	B cells naive	-0.0943047584526185	0.2730175022757122	0.5364879315080098	
CDK2	B cells memory	0.12231398367800536	0.15448032609788825	0.40754706773995675	
CDK2	Plasma cells	0.050102195499345276	0.5609552271607494	0.7501923578634266	
CDK2	T cells CD8	-0.008177467337799008	0.9244424036990937	0.9699808175193609	
CDK2	T cells CD4 naive	0.10542315615350815	0.2201760950983653	0.4979367073763031	
CDK2	T cells CD4 memory resting	0.09768186421720537	0.2561328032300165	0.5283008457971359	
CDK2	T cells CD4 memory activated	0.19587882388956518	0.02179252236620157	0.16017503939158154	*
CDK2	T cells follicular helper	-0.20963420487743406	0.013947748233178691	0.1501720363101469	*
CDK2	T cells regulatory (Tregs)	-0.21754751822952165	0.010659779002598574	0.13551569821970688	*
CDK2	T cells gamma delta	NA	NA	NA	
CDK2	NK cells resting	0.07845635609205966	0.3621374861212072	0.626284828939029	
CDK2	NK cells activated	-0.1171318224942428	0.17284213867001044	0.4306405827879921	
CDK2	Monocytes	-0.1034309437066754	0.22906748831955834	0.5025809072085832	
CDK2	Macrophages M0	-0.018182857662913117	0.8329713196400205	0.9070132147191333	
CDK2	Macrophages M1	0.1582682344889025	0.06472268954117653	0.25556305111787725	
CDK2	Macrophages M2	-0.2039701904885923	0.01681514868459979	0.1501720363101469	*
CDK2	Dendritic cells resting	-0.09275402508136234	0.28101748793276704	0.5364879315080098	
CDK2	Dendritic cells activated	-0.0042561211295325686	0.9606320931701191	0.9813439257129742	
CDK2	Mast cells resting	-0.18641781514662986	0.029173879397406406	0.16858176237146075	*
CDK2	Mast cells activated	0.1486270212594811	0.08303601910639041	0.2906260668723665	
CDK2	Eosinophils	0.07711682294811027	0.37041643448511874	0.6331536728989821	
CDK2	Neutrophils	-0.10416113569078221	0.2257797009702718	0.5025809072085832	
TOPBP1	B cells naive	-0.04782889073723152	0.5788870272337843	0.7666341712014981	
TOPBP1	B cells memory	0.07083128419643672	0.4107944836242712	0.6519386980405705	
TOPBP1	Plasma cells	0.008566721597422063	0.920857220531988	0.9699808175193609	
TOPBP1	T cells CD8	-0.16616407081289983	0.052307647226541645	0.2425065146400391	
TOPBP1	T cells CD4 naive	0.10776589295691943	0.21003693708292323	0.4979367073763031	
TOPBP1	T cells CD4 memory resting	0.14360120784038183	0.09411159207878503	0.30743120079069775	
TOPBP1	T cells CD4 memory activated	0.12266594690882278	0.15328853960861452	0.40754706773995675	
TOPBP1	T cells follicular helper	-0.2202512203416403	0.00970425456607506	0.13551569821970688	**
TOPBP1	T cells regulatory (Tregs)	-0.19909355192581601	0.019680784298397848	0.1522671206244465	*
TOPBP1	T cells gamma delta	NA	NA	NA	
TOPBP1	NK cells resting	0.1331354423381349	0.12091488849386162	0.35548977217195316	
TOPBP1	NK cells activated	-0.18832429205384701	0.027535535885760933	0.16858176237146075	*
TOPBP1	Monocytes	-0.06030255359030018	0.4839313636874619	0.686106662081963	
TOPBP1	Macrophages M0	0.05842223106374394	0.4976901025472177	0.686106662081963	
TOPBP1	Macrophages M1	0.0446996124279582	0.6039971139858017	0.7750291669097517	
TOPBP1	Macrophages M2	-0.19948496989344242	0.01943614938970732	0.1522671206244465	*
TOPBP1	Dendritic cells resting	-0.09714668974058467	0.2587595979414543	0.5283008457971359	
TOPBP1	Dendritic cells activated	0.14567446146430357	0.08940853752640808	0.3000458613839207	
TOPBP1	Mast cells resting	-0.062582340968747735	0.46752715941469003	0.686106662081963	
TOPBP1	Mast cells activated	0.020879138467204135	0.8086474699992484	0.8937682563149588	
TOPBP1	Eosinophils	0.07019893932526881	0.41499490529515737	0.6519386980405705	
TOPBP1	Neutrophils	-0.0882622276748951	0.30507057741493016	0.5605671859999342	
RAD51	B cells naive	-0.13900182667075534	0.10524482457581087	0.3223122752634208	
RAD51	B cells memory	0.07328897787810647	0.3947077452594664	0.6519386980405705	
RAD51	Plasma cells	0.16405380237604683	0.05541525954957909	0.2468497925390341	
RAD51	T cells CD8	0.09052953938545	0.2927654907396038	0.5447661663129336	
RAD51	T cells CD4 naive	0.10051948647185804	0.24251125126161494	0.5242522637567264	
RAD51	T cells CD4 memory resting	-0.16231150854018003	0.05809424149264406	0.25117216174760815	
RAD51	T cells CD4 memory activated	0.1768880453227941	0.03866014415770284	0.19750487396495775	*
RAD51	T cells follicular helper	0.0276931268480319	0.7480350431173381	0.8840170983767595	
RAD51	T cells regulatory (Tregs)	-0.12741372911056392	0.13788079550748067	0.38242409319999354	
RAD51	T cells gamma delta	NA	NA	NA	
RAD51	NK cells resting	-0.03717925833607062	0.6662255806979874	0.8370526526718304	
RAD51	NK cells activated	0.09395652819282266	0.27480041529147914	0.5364879315080098	
RAD51	Monocytes	0.08140738180525858	0.3443071574856935	0.6097970138602042	
RAD51	Macrophages M0	-0.05993202430141139	0.48662636525670144	0.686106662081963	
RAD51	Macrophages M1	0.06509210363745441	0.4498263168238623	0.6747394752357935	
RAD51	Macrophages M2	-0.022451772812662283	0.7945427205723475	0.8937682563149588	
RAD51	Dendritic cells resting	-0.021333531616054523	0.8045655405183673	0.8937682563149588	
RAD51	Dendritic cells activated	0.007765841687146012	0.9282352862015463	0.9699808175193609	
RAD51	Mast cells resting	-0.134793100870035	0.11631447714417653	0.3489434314325296	
RAD51	Mast cells activated	0.09884834177342201	0.2504710219200279	0.5259891460320586	
RAD51	Eosinophils	0.016163186932680405	0.8512967983506224	0.9134352507849743	
RAD51	Neutrophils	-0.058188996281423745	0.4994109717195241	0.686106662081963	
FANCI	B cells naive	0.004182071158428552	0.9613164986576075	0.9813439257129742	
FANCI	B cells memory	0.02095022778831579	0.80800851358195	0.8937682563149588	
FANCI	Plasma cells	0.1407861337359865	0.1008089559814347	0.31529609636746597	
FANCI	T cells CD8	-0.024269521318266866	0.7783222255535251	0.8937682563149588	
FANCI	T cells CD4 naive	0.15749163000971794	0.06606391797604991	0.25556305111787725	
FANCI	T cells CD4 memory resting	0.12208599551160416	0.1552560258056978	0.40754706773995675	
FANCI	T cells CD4 memory activated	0.15520554515662444	0.07014401027950182	0.25777923777716916	
FANCI	T cells follicular helper	-0.19005445310274677	0.02611728474288001	0.16858176237146075	*
FANCI	T cells regulatory (Tregs)	-0.1414972086618898	0.09908278804298265	0.31529609636746597	
FANCI	T cells gamma delta	NA	NA	NA	
FANCI	NK cells resting	0.14549430200094118	0.0898096455843028	0.3000458613839207	
FANCI	NK cells activated	-0.06991547458992521	0.4168859701756029	0.6519386980405705	
FANCI	Monocytes	0.129529610439007	0.13140703812818894	0.371477588554688	
FANCI	Macrophages M0	-0.0686360873253675	0.42548338405764397	0.6583795521734069	
FANCI	Macrophages M1	0.09922431591598618	0.24866469608532496	0.5259891460320586	
FANCI	Macrophages M2	-0.20517433920196243	0.01616601563817232	0.1501720363101469	*
FANCI	Dendritic cells resting	-0.09282811822019259	0.28063171044989893	0.5364879315080098	
FANCI	Dendritic cells activated	0.09609614886745607	0.26396949845728945	0.5315550174413911	
FANCI	Mast cells resting	-0.0670892604690854	0.43601342214178396	0.6607626088128066	
FANCI	Mast cells activated	0.08062659976693104	0.34896991088042395	0.6106973440407419	
FANCI	Eosinophils	0.07304136251747426	0.396311223574943	0.6519386980405705	
FANCI	Neutrophils	-0.02185313089119559	0.7999043024583916	0.8937682563149588	
KAT2B	B cells naive	0.26862710918313354	0.001503853676173328	0.07802512172096665	**
KAT2B	B cells memory	0.16938756228496799	0.047839901802585634	0.23441551883266962	*
KAT2B	Plasma cells	-0.02951990627483897	0.7320270076900417	0.8840170983767595	
KAT2B	T cells CD8	0.2584211119092052	0.002296109208574423	0.08438201341511005	**
KAT2B	T cells CD4 naive	-0.10859274124047637	0.2065394706685849	0.4977262653816718	
KAT2B	T cells CD4 memory resting	0.11149640402049862	0.19458891429189576	0.47674284001514466	
KAT2B	T cells CD4 memory activated	0.1564953284230029	0.06781764459672453	0.2556203527107309	
KAT2B	T cells follicular helper	0.1591021494145399	0.06330730691235416	0.25556305111787725	
KAT2B	T cells regulatory (Tregs)	0.18569408595188067	0.02981718246025836	0.16858176237146075	*
KAT2B	T cells gamma delta	NA	NA	NA	
KAT2B	NK cells resting	0.22556085695390274	0.00804499077836692	0.13140151604665967	**
KAT2B	NK cells activated	-0.24965792756787863	0.0032596027433510013	0.09583232065451944	**
KAT2B	Monocytes	0.2047094932870861	0.016413977452749893	0.1501720363101469	*
KAT2B	Macrophages M0	-0.23297953145087852	0.0061480807396090765	0.12014446996858058	**
KAT2B	Macrophages M1	0.26957258039677773	0.0014448331449382799	0.07802512172096665	**
KAT2B	Macrophages M2	-0.07192221578695057	0.4036068322010882	0.6519386980405705	
KAT2B	Dendritic cells resting	0.07433658771498432	0.3879668054164309	0.6519386980405705	
KAT2B	Dendritic cells activated	-0.026701954002323072	0.756766343133643	0.8840170983767595	
KAT2B	Mast cells resting	0.18641781514662986	0.029173879397406347	0.16858176237146075	*
KAT2B	Mast cells activated	-0.21647145896831801	0.01106250597711893	0.13551569821970688	*
KAT2B	Eosinophils	0.06737632396018677	0.43404808422865515	0.6607626088128066	
KAT2B	Neutrophils	0.09121416269447193	0.28911562104112704	0.5447661663129336	
DEPTOR	B cells naive	0.2313007048392407	0.006538474556113229	0.12014446996858058	**
DEPTOR	B cells memory	0.05845076733559106	0.49747976875945243	0.686106662081963	
DEPTOR	Plasma cells	0.05121488185807708	0.5522763739600278	0.7501923578634266	
DEPTOR	T cells CD8	0.02669177915196623	0.7568561355273119	0.8840170983767595	
DEPTOR	T cells CD4 naive	-0.15232382823748716	0.07557596580810788	0.2709674871656551	
DEPTOR	T cells CD4 memory resting	-0.0360204791222356	0.6760337465695148	0.8421776334382938	
DEPTOR	T cells CD4 memory activated	0.0032232390891348555	0.9701808528523828	0.9835626577193122	
DEPTOR	T cells follicular helper	0.04441369166747484	0.6063153346572887	0.7750291669097517	
DEPTOR	T cells regulatory (Tregs)	0.1604719853034683	0.06103728793442799	0.25556305111787725	
DEPTOR	T cells gamma delta	NA	NA	NA	
DEPTOR	NK cells resting	0.06189697766168323	0.47242640101244804	0.686106662081963	
DEPTOR	NK cells activated	-0.019246911470966955	0.8233519505884107	0.90322937863057	
DEPTOR	Monocytes	8.784798909177119e-4	0.9918711876271228	0.9986648258985414	
DEPTOR	Macrophages M0	-0.026592896037802603	0.7577289414657937	0.8840170983767595	
DEPTOR	Macrophages M1	-0.12100105017576068	0.15898751911209202	0.4100204440259215	
DEPTOR	Macrophages M2	0.16582948007905562	0.052790533799192185	0.2425065146400391	
DEPTOR	Dendritic cells resting	-0.11924761458023828	0.1651594460010334	0.41859376831296397	
DEPTOR	Dendritic cells activated	-0.19400565335634573	0.023110732402953794	0.16177512682067655	*
DEPTOR	Mast cells resting	0.20297812400833565	0.017366834131105423	0.1501720363101469	*
DEPTOR	Mast cells activated	-0.23874310721376138	0.0049609433517168065	0.12014446996858058	**
DEPTOR	Eosinophils	-0.0823411373519025	0.3387827472726944	0.6073300469400742	
DEPTOR	Neutrophils	-0.058478525089314004	0.4972752181524792	0.686106662081963	
